product_id,product_category_name,product_name_length,product_description_length,product_photos_qty,product_weight_g,product_length_cm,product_height_cm,product_width_cm
P00000,electronics,34,1898.0,2.0,13812.0,73,73,74
P00001,sports,41,131.0,5.0,12054.0,34,65,23
P00002,automotive,17,832.0,6.0,3352.0,99,73,46
P00003,books,60,730.0,7.0,2644.0,64,58,59
P00004,home,47,1262.0,7.0,5131.0,79,24,54
P00005,food,40,,1.0,6977.0,40,30,41
P00006,home,46,196.0,7.0,4480.0,69,70,37
P00007,electronics,45,878.0,2.0,1439.0,69,22,48
P00008,sports,36,595.0,7.0,7517.0,63,51,42
P00009,home,20,1966.0,7.0,6235.0,63,54,31
P00010,fashion,38,619.0,7.0,4651.0,73,18,70
P00011,books,58,113.0,4.0,12413.0,99,11,64
P00012,food,13,1267.0,6.0,4420.0,88,7,53
P00013,home,34,1755.0,3.0,13401.0,37,64,19
P00014,beauty,59,1652.0,1.0,266.0,90,26,43
P00015,toys,44,312.0,4.0,7833.0,41,22,20
P00016,toys,11,1497.0,2.0,14258.0,32,73,17
P00017,sports,60,449.0,1.0,4367.0,27,49,22
P00018,food,13,331.0,1.0,9861.0,73,6,16
P00019,garden,38,1080.0,2.0,11028.0,51,27,64
P00020,toys,16,1620.0,6.0,5201.0,84,40,43
P00021,automotive,26,1749.0,7.0,9620.0,85,40,59
P00022,fashion,33,1255.0,6.0,9819.0,58,63,78
P00023,books,25,857.0,5.0,7110.0,28,65,25
P00024,fashion,62,1192.0,7.0,5710.0,20,7,19
P00025,garden,43,622.0,3.0,7182.0,96,26,15
P00026,electronics,31,313.0,7.0,2319.0,37,50,6
P00027,home,27,,7.0,7448.0,11,7,7
P00028,books,39,379.0,2.0,4944.0,45,47,49
P00029,fashion,30,233.0,3.0,5154.0,82,10,56
P00030,home,58,1507.0,2.0,3759.0,18,47,26
P00031,toys,24,1684.0,1.0,7832.0,72,10,45
P00032,electronics,51,1510.0,2.0,,47,60,20
P00033,beauty,36,1834.0,7.0,954.0,91,39,57
P00034,books,25,995.0,2.0,,50,76,58
P00035,electronics,37,1367.0,,8595.0,56,11,58
P00036,toys,17,445.0,7.0,3928.0,51,70,43
P00037,fashion,41,917.0,6.0,7493.0,71,35,68
P00038,fashion,53,246.0,4.0,2304.0,16,41,11
P00039,fashion,45,1247.0,1.0,6366.0,14,57,36
P00040,toys,10,900.0,3.0,6858.0,62,51,9
P00041,toys,45,1126.0,2.0,4927.0,45,70,67
P00042,toys,11,1715.0,7.0,840.0,25,67,10
P00043,beauty,32,150.0,7.0,9364.0,79,21,37
P00044,toys,48,917.0,2.0,3133.0,77,25,18
P00045,home,64,819.0,2.0,7326.0,19,70,58
P00046,electronics,68,1493.0,6.0,10670.0,26,65,35
P00047,food,40,1330.0,7.0,1602.0,80,78,46
P00048,home,22,1454.0,7.0,10211.0,53,73,77
P00049,home,59,1703.0,6.0,5679.0,37,51,74
P00050,sports,31,630.0,4.0,7603.0,57,77,37
P00051,food,43,749.0,3.0,1239.0,41,60,32
P00052,garden,21,726.0,1.0,7540.0,18,71,27
P00053,automotive,32,1647.0,7.0,5749.0,68,41,56
P00054,home,38,956.0,7.0,2754.0,72,77,79
P00055,toys,54,1525.0,7.0,8039.0,17,10,49
P00056,garden,63,527.0,5.0,9795.0,32,73,47
P00057,sports,20,1862.0,7.0,5926.0,66,76,79
P00058,beauty,43,993.0,1.0,9551.0,78,64,19
P00059,garden,68,1979.0,3.0,5190.0,92,75,10
P00060,home,10,921.0,1.0,12474.0,64,36,12
P00061,food,44,131.0,5.0,4289.0,18,29,49
P00062,books,56,563.0,1.0,11995.0,41,15,72
P00063,automotive,16,903.0,3.0,5788.0,32,19,22
P00064,sports,50,308.0,3.0,8414.0,98,69,59
P00065,automotive,35,1558.0,1.0,1132.0,11,9,71
P00066,food,46,729.0,1.0,1208.0,43,20,73
P00067,books,52,1655.0,7.0,14909.0,56,42,64
P00068,beauty,18,1930.0,2.0,215.0,36,31,32
P00069,electronics,14,211.0,7.0,8374.0,75,74,54
P00070,food,28,593.0,3.0,6913.0,21,7,46
P00071,food,25,1232.0,1.0,9579.0,93,8,41
P00072,toys,27,1737.0,1.0,155.0,46,25,58
P00073,electronics,65,1801.0,5.0,2828.0,43,50,56
P00074,garden,51,429.0,,5148.0,93,31,65
P00075,books,31,492.0,7.0,,23,67,46
P00076,beauty,46,437.0,2.0,5310.0,52,12,54
P00077,sports,19,727.0,5.0,8610.0,12,33,26
P00078,food,20,1242.0,4.0,8641.0,56,53,40
P00079,automotive,15,819.0,1.0,6274.0,39,50,66
P00080,fashion,35,1466.0,5.0,12453.0,76,43,62
P00081,automotive,47,819.0,1.0,10726.0,56,38,43
P00082,garden,40,1199.0,6.0,6716.0,66,12,47
P00083,toys,43,1145.0,4.0,4634.0,91,9,24
P00084,sports,19,543.0,3.0,4239.0,95,9,33
P00085,electronics,48,168.0,7.0,14026.0,29,42,54
P00086,home,43,480.0,2.0,1975.0,55,71,13
P00087,beauty,67,1569.0,2.0,2622.0,80,11,6
P00088,automotive,24,1506.0,5.0,4001.0,21,9,49
P00089,electronics,13,289.0,3.0,12513.0,53,56,59
P00090,home,37,799.0,,10352.0,60,42,78
P00091,food,21,1635.0,6.0,14502.0,88,28,40
P00092,books,20,1623.0,7.0,10855.0,17,6,14
P00093,home,24,83.0,6.0,7426.0,87,65,52
P00094,garden,50,1582.0,1.0,699.0,31,54,28
P00095,food,35,1584.0,7.0,13162.0,87,49,16
P00096,fashion,62,276.0,3.0,10079.0,68,22,51
P00097,home,17,742.0,6.0,1166.0,46,75,58
P00098,toys,65,154.0,3.0,14564.0,22,9,9
P00099,garden,34,1328.0,5.0,9346.0,41,60,59
P00100,food,42,1730.0,7.0,9335.0,76,59,48
P00101,fashion,58,399.0,7.0,5407.0,28,59,60
P00102,food,39,736.0,5.0,5027.0,70,50,52
P00103,garden,19,1097.0,5.0,5528.0,30,27,40
P00104,home,24,190.0,1.0,846.0,17,39,30
P00105,toys,64,633.0,5.0,6810.0,65,38,53
P00106,toys,14,473.0,3.0,1028.0,83,69,19
P00107,automotive,64,57.0,1.0,8991.0,96,60,46
P00108,fashion,50,1353.0,7.0,3185.0,55,40,61
P00109,automotive,40,1464.0,4.0,9278.0,64,59,22
P00110,fashion,28,,6.0,5662.0,71,77,11
P00111,beauty,61,305.0,1.0,4246.0,47,56,6
P00112,books,11,187.0,2.0,2257.0,13,31,46
P00113,food,52,1882.0,7.0,5820.0,31,5,36
P00114,garden,22,1160.0,7.0,1129.0,44,70,54
P00115,toys,31,1110.0,1.0,3817.0,68,6,66
P00116,sports,13,218.0,7.0,7010.0,37,43,78
P00117,beauty,43,53.0,,9524.0,28,10,29
P00118,beauty,18,,2.0,6949.0,91,70,13
P00119,sports,16,1892.0,7.0,1620.0,18,7,61
P00120,food,29,1112.0,4.0,10841.0,80,56,6
P00121,fashion,39,308.0,6.0,6411.0,18,62,52
P00122,sports,66,107.0,1.0,9438.0,38,59,25
P00123,garden,59,1676.0,6.0,14679.0,86,46,31
P00124,sports,34,1081.0,3.0,823.0,85,49,14
P00125,automotive,45,692.0,5.0,14832.0,44,42,5
P00126,toys,56,73.0,5.0,14279.0,11,61,19
P00127,sports,32,1157.0,1.0,7817.0,94,11,37
P00128,food,56,1762.0,7.0,504.0,89,71,27
P00129,toys,49,1679.0,3.0,3787.0,54,63,34
P00130,food,52,1476.0,3.0,3467.0,12,77,13
P00131,electronics,68,147.0,6.0,8794.0,72,11,15
P00132,beauty,32,1525.0,7.0,10403.0,80,20,61
P00133,sports,14,1376.0,7.0,7378.0,84,21,66
P00134,toys,42,1686.0,4.0,5402.0,75,35,60
P00135,garden,29,339.0,3.0,733.0,88,66,76
P00136,home,13,1731.0,6.0,14093.0,55,64,59
P00137,home,19,1446.0,2.0,14837.0,24,56,14
P00138,toys,42,1541.0,5.0,588.0,72,34,60
P00139,sports,67,363.0,2.0,4974.0,29,11,22
P00140,toys,30,1718.0,2.0,14744.0,66,57,63
P00141,electronics,42,92.0,4.0,6049.0,23,10,52
P00142,fashion,20,,7.0,9377.0,13,20,68
P00143,electronics,17,353.0,3.0,7752.0,50,35,76
P00144,food,56,501.0,6.0,9535.0,63,63,56
P00145,home,46,1270.0,1.0,13217.0,23,50,75
P00146,home,21,1854.0,5.0,5757.0,80,12,45
P00147,home,40,1972.0,3.0,12006.0,68,23,74
P00148,beauty,44,261.0,1.0,6899.0,82,68,11
P00149,books,13,1941.0,4.0,3162.0,42,48,38
P00150,toys,28,262.0,2.0,1215.0,69,54,62
P00151,food,61,1504.0,5.0,10775.0,96,31,78
P00152,garden,31,408.0,1.0,9078.0,26,66,70
P00153,electronics,52,1657.0,3.0,13131.0,83,49,32
P00154,books,46,730.0,2.0,3606.0,66,11,52
P00155,garden,10,1754.0,3.0,10742.0,75,59,11
P00156,home,66,1106.0,1.0,449.0,66,26,13
P00157,toys,67,1080.0,2.0,2173.0,71,68,57
P00158,books,50,909.0,1.0,8956.0,80,52,28
P00159,home,19,495.0,5.0,8129.0,13,19,46
P00160,electronics,60,1054.0,4.0,8924.0,12,7,20
P00161,beauty,10,1339.0,2.0,12594.0,17,11,64
P00162,electronics,40,323.0,5.0,12521.0,93,23,11
P00163,home,35,326.0,7.0,3014.0,48,13,51
P00164,fashion,51,883.0,4.0,3118.0,99,54,55
P00165,automotive,18,1673.0,2.0,8124.0,92,17,66
P00166,fashion,62,738.0,3.0,14365.0,41,38,24
P00167,automotive,44,853.0,6.0,10076.0,18,29,30
P00168,electronics,25,1920.0,1.0,2276.0,85,54,46
P00169,sports,28,569.0,3.0,9567.0,47,7,26
P00170,toys,51,764.0,4.0,5138.0,36,35,60
P00171,electronics,21,1694.0,5.0,1688.0,81,67,61
P00172,fashion,27,1060.0,5.0,10712.0,53,23,61
P00173,home,69,266.0,5.0,4234.0,38,68,42
P00174,books,62,468.0,7.0,11659.0,45,17,52
P00175,toys,29,1950.0,2.0,8326.0,93,58,18
P00176,food,43,1630.0,4.0,6756.0,37,26,19
P00177,electronics,34,1903.0,3.0,3210.0,94,31,33
P00178,fashion,22,986.0,1.0,4456.0,63,44,20
P00179,fashion,27,1237.0,1.0,,15,58,65
P00180,electronics,16,318.0,5.0,10429.0,20,44,24
P00181,toys,60,1438.0,4.0,6284.0,65,48,74
P00182,electronics,24,1160.0,3.0,606.0,22,26,35
P00183,toys,21,122.0,7.0,302.0,23,54,62
P00184,beauty,48,1701.0,3.0,4190.0,51,10,10
P00185,home,17,902.0,5.0,7705.0,49,11,58
P00186,electronics,67,1986.0,7.0,5066.0,94,16,39
P00187,books,62,1775.0,5.0,14921.0,90,70,65
P00188,beauty,34,869.0,6.0,3545.0,93,50,18
P00189,books,21,72.0,2.0,6183.0,16,31,20
P00190,garden,18,335.0,7.0,6026.0,82,51,69
P00191,garden,61,616.0,4.0,4187.0,94,25,48
P00192,automotive,36,630.0,3.0,13254.0,65,59,47
P00193,books,44,739.0,6.0,3869.0,99,34,49
P00194,home,17,1912.0,,259.0,82,51,31
P00195,books,59,1366.0,1.0,7776.0,70,23,75
P00196,electronics,41,422.0,1.0,9558.0,46,7,46
P00197,home,14,,1.0,6894.0,42,79,6
P00198,sports,14,160.0,2.0,6376.0,45,53,26
P00199,toys,67,177.0,2.0,12943.0,32,53,77
P00200,automotive,13,1306.0,3.0,5672.0,62,50,41
P00201,toys,27,474.0,2.0,9624.0,48,72,59
P00202,beauty,10,902.0,7.0,12578.0,36,6,6
P00203,automotive,13,1659.0,7.0,6039.0,26,76,6
P00204,food,58,807.0,7.0,8155.0,56,39,20
P00205,toys,55,424.0,2.0,,11,48,43
P00206,automotive,29,1998.0,4.0,9255.0,43,75,50
P00207,garden,20,608.0,1.0,8253.0,15,65,10
P00208,automotive,24,1334.0,5.0,12798.0,40,31,73
P00209,garden,31,366.0,1.0,3875.0,69,72,50
P00210,beauty,56,365.0,3.0,2509.0,67,11,31
P00211,sports,45,1520.0,2.0,6400.0,11,16,38
P00212,home,36,1800.0,4.0,9224.0,73,22,42
P00213,home,14,102.0,3.0,4347.0,37,25,62
P00214,fashion,16,1951.0,4.0,14972.0,52,55,11
P00215,food,22,638.0,2.0,7780.0,70,35,48
P00216,beauty,22,1972.0,4.0,12195.0,13,68,44
P00217,automotive,39,1088.0,1.0,8244.0,25,51,63
P00218,electronics,61,1543.0,1.0,5953.0,24,50,32
P00219,food,35,61.0,1.0,12717.0,39,62,32
P00220,fashion,29,357.0,,2447.0,11,35,65
P00221,books,43,1910.0,6.0,3842.0,12,30,69
P00222,sports,14,371.0,3.0,11499.0,56,13,66
P00223,food,53,1745.0,4.0,13580.0,20,68,69
P00224,books,13,280.0,5.0,4435.0,49,22,12
P00225,home,31,1312.0,6.0,8075.0,30,54,54
P00226,fashion,67,775.0,5.0,7344.0,99,64,56
P00227,fashion,34,906.0,2.0,10929.0,21,32,24
P00228,automotive,54,1436.0,5.0,7540.0,53,17,39
P00229,books,26,352.0,3.0,9213.0,52,56,79
P00230,beauty,61,721.0,5.0,10070.0,76,29,15
P00231,electronics,30,1129.0,7.0,12452.0,21,68,66
P00232,food,23,752.0,1.0,2167.0,96,38,28
P00233,home,13,516.0,1.0,9980.0,37,30,68
P00234,sports,28,135.0,2.0,2792.0,13,59,45
P00235,home,44,1294.0,4.0,264.0,75,34,5
P00236,beauty,13,171.0,4.0,10774.0,58,64,13
P00237,electronics,20,333.0,3.0,5915.0,68,56,66
P00238,sports,30,513.0,7.0,10778.0,92,71,64
P00239,food,52,1448.0,1.0,14081.0,44,37,21
P00240,beauty,45,288.0,4.0,2020.0,91,11,53
P00241,food,12,679.0,4.0,6826.0,93,18,43
P00242,toys,12,194.0,6.0,1572.0,59,5,9
P00243,garden,13,1028.0,4.0,12442.0,80,69,57
P00244,toys,29,402.0,1.0,14992.0,13,23,16
P00245,food,27,365.0,3.0,13047.0,64,20,35
P00246,fashion,17,674.0,2.0,14905.0,17,50,5
P00247,garden,36,549.0,4.0,5055.0,49,23,23
P00248,electronics,45,145.0,7.0,4243.0,77,78,75
P00249,food,51,927.0,3.0,12880.0,15,70,42
P00250,electronics,69,1030.0,3.0,9810.0,46,38,59
P00251,home,51,943.0,4.0,5723.0,47,53,27
P00252,automotive,69,911.0,2.0,3234.0,31,34,8
P00253,beauty,68,1999.0,6.0,477.0,59,37,51
P00254,electronics,60,,5.0,668.0,82,41,23
P00255,garden,31,704.0,5.0,10446.0,99,33,13
P00256,fashion,12,1045.0,3.0,4031.0,91,37,42
P00257,books,13,214.0,2.0,12322.0,95,18,35
P00258,sports,62,1977.0,,12708.0,28,53,13
P00259,automotive,61,1072.0,2.0,6828.0,20,10,49
P00260,sports,28,1408.0,1.0,4567.0,26,73,38
P00261,fashion,53,677.0,6.0,2683.0,98,73,79
P00262,home,37,1398.0,7.0,3923.0,29,20,11
P00263,sports,14,1761.0,2.0,9267.0,77,8,42
P00264,electronics,49,1178.0,5.0,11364.0,46,40,64
P00265,beauty,15,460.0,7.0,11100.0,71,9,36
P00266,sports,17,1383.0,6.0,14384.0,77,35,20
P00267,automotive,38,1718.0,6.0,9856.0,91,61,79
P00268,garden,14,1402.0,7.0,7669.0,17,28,29
P00269,fashion,30,1343.0,2.0,5401.0,39,72,74
P00270,food,55,954.0,1.0,5111.0,20,6,68
P00271,sports,45,416.0,6.0,5588.0,45,58,55
P00272,books,13,1451.0,6.0,13206.0,42,42,62
P00273,toys,23,,2.0,8281.0,88,23,45
P00274,home,69,499.0,7.0,3392.0,73,37,55
P00275,books,67,1010.0,1.0,2981.0,19,25,25
P00276,garden,65,93.0,3.0,523.0,50,51,9
P00277,books,40,1067.0,7.0,12708.0,73,77,51
P00278,food,35,1116.0,3.0,3372.0,76,42,65
P00279,toys,55,824.0,6.0,1624.0,82,57,67
P00280,home,67,1421.0,1.0,4414.0,30,50,62
P00281,books,17,1190.0,4.0,7349.0,89,67,78
P00282,sports,63,763.0,6.0,14397.0,91,47,49
P00283,food,47,1447.0,6.0,12905.0,29,38,17
P00284,sports,18,277.0,4.0,2647.0,69,13,20
P00285,books,61,1037.0,1.0,7988.0,71,63,25
P00286,toys,11,323.0,4.0,12380.0,89,72,78
P00287,food,11,1224.0,6.0,11438.0,17,78,71
P00288,fashion,32,84.0,4.0,7098.0,30,59,59
P00289,garden,42,1726.0,7.0,3669.0,87,31,69
P00290,home,35,111.0,3.0,11799.0,13,57,30
P00291,garden,24,1020.0,6.0,6738.0,53,29,58
P00292,beauty,49,1349.0,6.0,3632.0,36,72,17
P00293,automotive,38,861.0,4.0,10724.0,66,8,12
P00294,fashion,17,469.0,1.0,13250.0,52,72,53
P00295,toys,58,533.0,3.0,13336.0,86,60,57
P00296,electronics,28,1693.0,6.0,14067.0,16,71,49
P00297,fashion,51,306.0,7.0,9681.0,55,23,40
P00298,electronics,31,1436.0,4.0,11541.0,56,43,50
P00299,fashion,55,619.0,3.0,3717.0,55,24,32
P00300,books,26,73.0,6.0,4926.0,16,58,27
P00301,beauty,22,842.0,7.0,2279.0,51,52,23
P00302,books,14,234.0,1.0,1308.0,89,56,32
P00303,beauty,59,1540.0,3.0,12638.0,64,60,28
P00304,electronics,53,1549.0,6.0,6912.0,19,8,16
P00305,electronics,46,473.0,1.0,8355.0,74,35,45
P00306,sports,46,1557.0,7.0,1401.0,93,23,35
P00307,automotive,14,1419.0,2.0,2839.0,82,75,17
P00308,fashion,34,1368.0,4.0,1235.0,18,44,73
P00309,home,61,204.0,4.0,7336.0,12,17,43
P00310,books,27,299.0,3.0,8754.0,25,34,15
P00311,fashion,13,358.0,1.0,1982.0,41,44,8
P00312,beauty,60,1645.0,1.0,10655.0,93,29,11
P00313,home,11,686.0,3.0,1667.0,48,51,35
P00314,beauty,51,1082.0,2.0,12597.0,97,62,23
P00315,electronics,60,966.0,7.0,13807.0,18,51,77
P00316,beauty,54,1999.0,5.0,9638.0,78,48,40
P00317,fashion,10,402.0,1.0,8214.0,77,54,60
P00318,garden,63,1567.0,6.0,11004.0,96,26,23
P00319,garden,15,268.0,5.0,3808.0,57,52,10
P00320,toys,61,1956.0,1.0,13825.0,64,8,30
P00321,sports,11,1153.0,3.0,13230.0,10,64,56
P00322,food,39,564.0,6.0,10463.0,89,33,62
P00323,food,62,853.0,5.0,14983.0,66,66,19
P00324,sports,25,1470.0,5.0,4612.0,73,24,27
P00325,electronics,12,860.0,4.0,13274.0,40,78,40
P00326,books,15,181.0,5.0,606.0,16,44,31
P00327,books,32,650.0,7.0,11239.0,75,75,27
P00328,toys,31,1835.0,2.0,4413.0,75,26,78
P00329,home,23,773.0,3.0,14434.0,26,43,75
P00330,fashion,37,1006.0,6.0,8551.0,84,58,31
P00331,sports,30,408.0,4.0,3041.0,10,57,9
P00332,books,45,102.0,2.0,4791.0,68,23,31
P00333,electronics,27,,1.0,13177.0,17,35,71
P00334,fashion,28,1742.0,6.0,12087.0,77,22,72
P00335,electronics,63,1107.0,4.0,5445.0,49,53,57
P00336,garden,57,785.0,6.0,4011.0,39,36,55
P00337,automotive,56,1068.0,1.0,580.0,77,5,32
P00338,food,32,1634.0,5.0,1939.0,82,26,38
P00339,toys,63,1816.0,,582.0,64,32,70
P00340,food,30,669.0,4.0,5016.0,76,47,21
P00341,beauty,53,1673.0,3.0,2898.0,11,73,35
P00342,electronics,55,1612.0,2.0,401.0,83,78,70
P00343,food,29,63.0,6.0,11714.0,63,55,57
P00344,toys,46,1793.0,3.0,13200.0,24,72,13
P00345,toys,21,498.0,3.0,13460.0,53,6,64
P00346,beauty,33,1543.0,7.0,12568.0,66,69,10
P00347,sports,41,1781.0,5.0,2006.0,81,44,26
P00348,toys,49,1168.0,1.0,2549.0,56,32,73
P00349,books,31,,1.0,12696.0,33,32,10
P00350,electronics,52,1717.0,4.0,324.0,32,31,19
P00351,beauty,48,981.0,5.0,11356.0,74,65,70
P00352,sports,61,1547.0,4.0,1977.0,87,39,55
P00353,garden,12,1366.0,7.0,878.0,66,13,22
P00354,sports,40,675.0,6.0,11728.0,81,72,30
P00355,books,52,1109.0,4.0,10997.0,66,50,74
P00356,fashion,35,441.0,2.0,,54,34,50
P00357,home,27,59.0,1.0,671.0,46,58,28
P00358,fashion,44,1394.0,1.0,13261.0,54,31,15
P00359,beauty,37,452.0,5.0,4012.0,11,49,36
P00360,garden,35,1063.0,3.0,14539.0,62,5,28
P00361,beauty,68,245.0,2.0,8010.0,26,25,37
P00362,sports,35,1326.0,1.0,14683.0,91,30,8
P00363,books,22,376.0,4.0,13647.0,85,64,40
P00364,sports,11,534.0,5.0,9275.0,54,61,23
P00365,fashion,17,337.0,,1669.0,65,64,77
P00366,automotive,42,1838.0,3.0,13467.0,13,40,25
P00367,food,22,1264.0,4.0,5289.0,62,32,23
P00368,garden,16,1348.0,,3855.0,86,44,27
P00369,beauty,31,842.0,7.0,8696.0,57,25,50
P00370,toys,24,1723.0,2.0,5423.0,87,44,59
P00371,sports,42,179.0,1.0,11129.0,16,54,27
P00372,garden,13,856.0,1.0,4048.0,97,77,57
P00373,electronics,68,210.0,4.0,13739.0,41,32,14
P00374,food,64,1409.0,5.0,1583.0,12,13,19
P00375,sports,62,1903.0,2.0,7085.0,65,30,26
P00376,automotive,20,1544.0,6.0,14410.0,65,66,57
P00377,toys,52,351.0,2.0,12629.0,21,38,46
P00378,sports,10,1586.0,2.0,,41,36,39
P00379,food,53,544.0,5.0,9293.0,92,39,50
P00380,beauty,57,729.0,6.0,8583.0,27,23,19
P00381,automotive,27,1169.0,6.0,3140.0,16,67,24
P00382,food,37,933.0,4.0,4537.0,83,55,57
P00383,home,65,414.0,7.0,8735.0,71,76,79
P00384,food,21,1083.0,6.0,4668.0,54,12,5
P00385,garden,42,435.0,2.0,4775.0,37,58,32
P00386,sports,28,1450.0,5.0,10217.0,88,11,71
P00387,garden,19,191.0,1.0,10584.0,87,11,67
P00388,electronics,50,1629.0,1.0,7491.0,10,68,24
P00389,home,67,1962.0,4.0,4339.0,84,30,7
P00390,automotive,43,1505.0,5.0,2726.0,52,28,47
P00391,food,40,1231.0,5.0,4016.0,39,19,57
P00392,home,42,,2.0,5013.0,41,13,24
P00393,automotive,19,1083.0,6.0,14185.0,51,54,27
P00394,home,22,1048.0,5.0,4906.0,61,44,55
P00395,automotive,54,1782.0,6.0,13639.0,96,49,45
P00396,garden,45,298.0,5.0,8122.0,12,16,26
P00397,books,24,1209.0,7.0,6831.0,64,78,67
P00398,home,11,1122.0,3.0,4089.0,15,5,72
P00399,beauty,21,563.0,1.0,11505.0,10,38,59
P00400,fashion,40,855.0,5.0,12653.0,37,44,75
P00401,automotive,26,970.0,7.0,14732.0,79,12,31
P00402,fashion,53,117.0,1.0,12323.0,41,48,13
P00403,books,44,981.0,7.0,1420.0,42,49,59
P00404,toys,18,382.0,6.0,13202.0,91,44,47
P00405,food,27,826.0,1.0,9131.0,34,32,36
P00406,automotive,12,592.0,4.0,7745.0,79,74,24
P00407,home,12,1519.0,3.0,3877.0,84,18,9
P00408,home,55,1922.0,5.0,7646.0,68,60,17
P00409,sports,33,263.0,6.0,12020.0,97,32,54
P00410,beauty,62,550.0,3.0,8878.0,98,34,22
P00411,automotive,24,360.0,4.0,1611.0,15,22,75
P00412,food,29,992.0,1.0,11358.0,25,55,40
P00413,fashion,40,775.0,1.0,11853.0,45,19,11
P00414,garden,26,937.0,6.0,10116.0,69,32,54
P00415,books,37,188.0,3.0,3089.0,35,41,56
P00416,toys,17,1748.0,7.0,4499.0,67,5,18
P00417,automotive,14,1975.0,5.0,6894.0,90,65,67
P00418,beauty,61,1827.0,3.0,13052.0,10,29,60
P00419,automotive,24,1016.0,7.0,12225.0,88,71,49
P00420,fashion,16,1350.0,1.0,1522.0,53,53,14
P00421,fashion,26,147.0,6.0,1105.0,91,24,41
P00422,beauty,35,1241.0,1.0,839.0,71,54,77
P00423,sports,39,1235.0,7.0,13929.0,13,38,22
P00424,garden,55,1482.0,,12971.0,91,41,75
P00425,toys,59,1573.0,4.0,3338.0,14,68,19
P00426,home,27,50.0,5.0,13751.0,32,53,50
P00427,fashion,23,845.0,6.0,7560.0,59,79,34
P00428,toys,17,996.0,,4767.0,91,74,10
P00429,automotive,19,987.0,1.0,11045.0,25,68,53
P00430,garden,11,1120.0,7.0,1128.0,58,39,40
P00431,toys,10,1416.0,4.0,1940.0,20,42,28
P00432,electronics,35,1194.0,3.0,3915.0,40,71,22
P00433,books,46,505.0,7.0,9170.0,33,70,41
P00434,beauty,59,1344.0,1.0,12593.0,48,32,12
P00435,electronics,29,1215.0,6.0,7781.0,73,57,49
P00436,food,27,439.0,1.0,6649.0,74,49,11
P00437,home,50,1280.0,,8828.0,70,13,20
P00438,beauty,48,1066.0,1.0,274.0,12,14,43
P00439,sports,51,1619.0,2.0,9971.0,80,11,60
P00440,books,20,814.0,3.0,12094.0,68,24,34
P00441,toys,12,1787.0,2.0,,15,75,52
P00442,sports,42,1096.0,1.0,9751.0,95,28,74
P00443,automotive,35,1884.0,5.0,4551.0,78,74,49
P00444,home,25,248.0,6.0,14053.0,72,38,61
P00445,food,68,296.0,3.0,2839.0,54,39,40
P00446,garden,19,475.0,5.0,2152.0,81,24,24
P00447,fashion,26,1641.0,3.0,14092.0,38,54,32
P00448,electronics,54,1038.0,2.0,7656.0,75,49,31
P00449,automotive,41,,6.0,6080.0,64,27,46
P00450,automotive,23,87.0,4.0,12257.0,64,63,16
P00451,toys,42,772.0,1.0,4305.0,81,57,62
P00452,beauty,35,739.0,5.0,4504.0,25,58,16
P00453,books,25,,3.0,882.0,19,38,57
P00454,books,50,254.0,1.0,7821.0,59,53,40
P00455,toys,56,1727.0,2.0,11292.0,82,31,60
P00456,sports,14,768.0,3.0,14796.0,32,79,18
P00457,books,10,1559.0,1.0,7963.0,61,38,20
P00458,food,64,617.0,6.0,1213.0,96,25,23
P00459,books,23,162.0,2.0,2945.0,65,39,63
P00460,fashion,15,,2.0,4292.0,17,75,24
P00461,food,45,395.0,2.0,13411.0,89,75,30
P00462,food,29,338.0,6.0,8752.0,97,31,15
P00463,fashion,65,1840.0,4.0,14013.0,73,71,22
P00464,beauty,67,491.0,6.0,12678.0,64,27,69
P00465,home,10,1965.0,4.0,13222.0,62,19,14
P00466,garden,21,729.0,5.0,4268.0,66,21,73
P00467,fashion,46,590.0,4.0,8458.0,40,25,67
P00468,fashion,30,935.0,5.0,998.0,68,26,76
P00469,food,10,590.0,7.0,5661.0,55,27,51
P00470,sports,37,,5.0,4764.0,81,33,56
P00471,home,47,1240.0,4.0,2512.0,85,5,68
P00472,toys,69,1498.0,7.0,1020.0,73,33,58
P00473,food,34,198.0,5.0,5720.0,99,44,47
P00474,home,57,516.0,7.0,1146.0,50,35,36
P00475,food,36,1210.0,5.0,9221.0,78,41,69
P00476,fashion,50,999.0,5.0,4233.0,40,21,28
P00477,fashion,68,1938.0,4.0,3475.0,81,14,46
P00478,food,58,1459.0,6.0,1749.0,34,72,9
P00479,sports,50,629.0,3.0,7013.0,72,79,53
P00480,automotive,59,935.0,4.0,2617.0,11,35,14
P00481,electronics,21,1498.0,7.0,8639.0,79,62,9
P00482,toys,57,848.0,2.0,14794.0,36,15,27
P00483,electronics,69,,4.0,10998.0,31,18,55
P00484,electronics,68,1608.0,1.0,1829.0,40,43,66
P00485,sports,25,610.0,4.0,1461.0,48,57,49
P00486,sports,35,244.0,3.0,13140.0,21,57,54
P00487,automotive,51,854.0,4.0,13018.0,60,30,23
P00488,garden,14,477.0,2.0,5502.0,21,70,13
P00489,food,50,1124.0,6.0,6895.0,59,52,13
P00490,toys,26,1713.0,7.0,5718.0,43,28,10
P00491,home,60,1535.0,4.0,8770.0,63,40,31
P00492,toys,46,1472.0,5.0,3208.0,23,27,61
P00493,books,33,1104.0,4.0,14110.0,97,15,9
P00494,fashion,13,1781.0,3.0,6118.0,11,5,30
P00495,fashion,51,1854.0,4.0,2602.0,86,39,50
P00496,garden,42,1527.0,4.0,4585.0,41,5,9
P00497,sports,47,278.0,6.0,13278.0,84,77,45
P00498,food,11,630.0,5.0,4405.0,63,70,34
P00499,fashion,36,1917.0,3.0,12086.0,84,61,73
P00500,toys,55,191.0,5.0,11512.0,59,61,42
P00501,food,64,1123.0,7.0,14911.0,81,51,43
P00502,garden,31,1296.0,3.0,2381.0,69,59,68
P00503,books,25,814.0,6.0,5956.0,71,68,59
P00504,beauty,52,1422.0,4.0,12634.0,61,43,46
P00505,home,23,198.0,1.0,1990.0,33,67,54
P00506,sports,63,477.0,2.0,610.0,86,22,35
P00507,toys,47,627.0,3.0,311.0,87,71,57
P00508,automotive,65,383.0,5.0,1324.0,75,57,28
P00509,electronics,21,903.0,7.0,11909.0,35,13,28
P00510,books,15,963.0,3.0,5299.0,46,18,67
P00511,food,59,1877.0,2.0,2135.0,75,14,36
P00512,garden,27,996.0,5.0,10588.0,26,23,44
P00513,food,30,1525.0,3.0,4659.0,19,64,13
P00514,food,26,221.0,4.0,2166.0,46,66,30
P00515,electronics,35,165.0,2.0,14810.0,59,79,53
P00516,toys,63,820.0,3.0,8803.0,90,14,44
P00517,fashion,50,689.0,1.0,6687.0,38,47,27
P00518,books,14,1850.0,4.0,13825.0,29,66,7
P00519,automotive,63,,4.0,3544.0,73,77,46
P00520,food,36,1000.0,2.0,8887.0,88,12,31
P00521,books,51,1707.0,6.0,11323.0,86,54,74
P00522,toys,31,1737.0,2.0,187.0,66,10,8
P00523,books,15,1564.0,5.0,4146.0,11,11,56
P00524,toys,35,904.0,1.0,1528.0,68,67,33
P00525,food,30,471.0,1.0,8012.0,20,74,25
P00526,garden,11,119.0,1.0,10239.0,80,18,58
P00527,beauty,55,148.0,4.0,2444.0,93,67,43
P00528,garden,61,1640.0,2.0,2217.0,64,73,10
P00529,fashion,64,308.0,3.0,6966.0,31,45,50
P00530,fashion,24,858.0,4.0,6017.0,36,17,18
P00531,home,48,1031.0,5.0,1718.0,75,60,68
P00532,books,41,1134.0,6.0,10253.0,78,46,23
P00533,sports,45,225.0,3.0,11619.0,83,31,64
P00534,electronics,57,1070.0,1.0,6483.0,19,69,29
P00535,garden,32,537.0,7.0,5540.0,76,51,28
P00536,home,26,714.0,6.0,2487.0,96,24,5
P00537,automotive,38,1651.0,6.0,4850.0,12,35,73
P00538,automotive,49,947.0,7.0,7658.0,48,28,46
P00539,toys,35,833.0,5.0,14907.0,76,44,16
P00540,garden,28,81.0,7.0,2864.0,57,25,7
P00541,home,13,1992.0,4.0,12462.0,96,52,25
P00542,electronics,44,1207.0,4.0,7582.0,70,38,41
P00543,garden,11,1524.0,5.0,8353.0,43,9,7
P00544,home,38,895.0,4.0,4571.0,65,5,32
P00545,beauty,47,566.0,4.0,14168.0,73,12,28
P00546,toys,37,582.0,3.0,1059.0,80,17,70
P00547,fashion,40,64.0,6.0,3249.0,34,11,36
P00548,beauty,26,1783.0,3.0,4824.0,92,54,12
P00549,beauty,24,1078.0,7.0,8644.0,99,49,23
P00550,garden,60,737.0,6.0,6405.0,29,6,66
P00551,fashion,63,1426.0,7.0,13942.0,28,35,5
P00552,food,19,302.0,5.0,2849.0,44,27,14
P00553,fashion,22,965.0,5.0,8588.0,37,42,5
P00554,toys,31,901.0,3.0,7316.0,26,48,8
P00555,sports,52,1817.0,,4689.0,25,42,74
P00556,electronics,13,1606.0,,443.0,73,34,79
P00557,fashion,57,1547.0,3.0,12193.0,95,8,60
P00558,automotive,10,556.0,1.0,3087.0,18,64,11
P00559,books,60,1064.0,1.0,2168.0,61,64,57
P00560,garden,12,1961.0,2.0,8597.0,35,69,62
P00561,toys,60,86.0,5.0,2364.0,32,57,63
P00562,fashion,66,1320.0,7.0,9625.0,61,29,61
P00563,fashion,57,709.0,7.0,10993.0,22,56,57
P00564,beauty,69,1496.0,4.0,3522.0,17,72,38
P00565,garden,37,1014.0,7.0,1133.0,88,7,9
P00566,electronics,48,1416.0,1.0,1543.0,50,43,66
P00567,electronics,47,537.0,7.0,854.0,15,53,74
P00568,automotive,10,1770.0,7.0,7317.0,88,78,42
P00569,electronics,61,1683.0,3.0,,67,42,37
P00570,fashion,52,1293.0,1.0,11687.0,76,70,73
P00571,home,35,877.0,5.0,6028.0,64,62,39
P00572,toys,22,346.0,1.0,9799.0,52,64,32
P00573,home,50,447.0,5.0,7097.0,79,12,71
P00574,beauty,68,827.0,3.0,6479.0,41,42,74
P00575,fashion,19,1569.0,4.0,11136.0,71,61,20
P00576,sports,65,1896.0,7.0,7677.0,89,14,25
P00577,beauty,43,1236.0,2.0,8575.0,85,77,28
P00578,electronics,57,1879.0,1.0,6807.0,59,56,16
P00579,electronics,18,434.0,,,13,68,69
P00580,home,16,1498.0,5.0,4638.0,11,52,78
P00581,beauty,49,1088.0,3.0,843.0,48,72,43
P00582,home,27,323.0,2.0,6411.0,69,72,58
P00583,fashion,32,1404.0,5.0,4803.0,17,10,36
P00584,garden,47,1811.0,5.0,13462.0,46,75,79
P00585,automotive,23,924.0,7.0,14499.0,46,44,76
P00586,sports,30,548.0,7.0,3342.0,51,41,61
P00587,books,31,639.0,6.0,6473.0,60,23,71
P00588,automotive,31,1222.0,1.0,6542.0,35,35,15
P00589,food,52,1394.0,2.0,3415.0,63,45,71
P00590,fashion,19,472.0,5.0,248.0,50,44,36
P00591,home,64,1390.0,4.0,14882.0,93,57,20
P00592,garden,52,1506.0,1.0,9815.0,39,55,74
P00593,fashion,10,83.0,4.0,6228.0,92,61,68
P00594,electronics,43,798.0,6.0,2837.0,96,48,15
P00595,beauty,20,506.0,6.0,7233.0,37,79,54
P00596,fashion,19,1596.0,7.0,4159.0,46,70,71
P00597,garden,52,,2.0,3434.0,72,76,56
P00598,garden,24,1090.0,7.0,14368.0,51,59,41
P00599,home,44,487.0,4.0,9879.0,74,23,8
P00600,automotive,27,988.0,3.0,4696.0,33,77,42
P00601,food,29,1927.0,7.0,3187.0,96,73,46
P00602,automotive,50,1989.0,1.0,11556.0,72,27,68
P00603,automotive,49,367.0,1.0,9187.0,17,71,21
P00604,automotive,11,994.0,6.0,12835.0,31,44,20
P00605,fashion,62,1509.0,6.0,11385.0,65,59,74
P00606,toys,45,630.0,1.0,6094.0,36,30,67
P00607,fashion,25,1996.0,7.0,9820.0,46,24,47
P00608,food,16,959.0,6.0,,68,35,38
P00609,sports,39,725.0,6.0,1446.0,41,19,51
P00610,automotive,51,1886.0,3.0,574.0,91,15,16
P00611,electronics,11,1226.0,7.0,1288.0,65,37,23
P00612,books,27,171.0,1.0,13800.0,47,76,45
P00613,food,66,256.0,6.0,12651.0,35,7,36
P00614,beauty,16,1961.0,6.0,5926.0,36,29,18
P00615,automotive,58,1262.0,4.0,13577.0,13,26,44
P00616,fashion,24,1746.0,3.0,11087.0,17,20,53
P00617,home,40,1975.0,4.0,2121.0,80,10,65
P00618,home,55,1501.0,1.0,3462.0,79,18,52
P00619,home,69,1947.0,1.0,5694.0,17,44,50
P00620,books,46,1911.0,3.0,12090.0,59,37,46
P00621,sports,23,852.0,1.0,9845.0,39,51,13
P00622,garden,14,1295.0,5.0,5957.0,72,69,33
P00623,automotive,54,1650.0,5.0,12548.0,63,13,38
P00624,home,44,1897.0,6.0,4942.0,81,29,44
P00625,fashion,56,1661.0,2.0,13643.0,66,70,27
P00626,automotive,69,1624.0,6.0,10847.0,27,22,60
P00627,toys,59,688.0,3.0,10510.0,69,12,45
P00628,electronics,40,885.0,4.0,1405.0,85,22,27
P00629,electronics,51,1654.0,6.0,2297.0,99,34,40
P00630,fashion,47,297.0,3.0,14753.0,73,24,58
P00631,food,21,366.0,1.0,11548.0,46,42,6
P00632,electronics,28,1586.0,6.0,3931.0,55,20,30
P00633,home,15,1958.0,2.0,12899.0,22,48,20
P00634,home,32,865.0,2.0,4688.0,67,69,29
P00635,sports,20,1735.0,5.0,5334.0,22,28,54
P00636,garden,63,742.0,4.0,4629.0,33,45,21
P00637,food,61,1045.0,1.0,7462.0,55,58,45
P00638,sports,53,1949.0,7.0,11448.0,53,9,33
P00639,automotive,34,801.0,4.0,2579.0,44,30,8
P00640,electronics,10,1773.0,2.0,14515.0,68,52,71
P00641,fashion,42,1894.0,1.0,4637.0,92,23,49
P00642,toys,11,1489.0,5.0,14530.0,93,35,27
P00643,garden,11,188.0,6.0,13060.0,55,38,42
P00644,garden,19,1923.0,6.0,8259.0,59,75,79
P00645,electronics,39,1021.0,5.0,1423.0,50,13,16
P00646,books,54,614.0,7.0,8649.0,90,52,68
P00647,electronics,34,999.0,5.0,11460.0,87,77,5
P00648,electronics,56,908.0,2.0,14732.0,14,72,69
P00649,home,42,793.0,2.0,1554.0,81,46,30
P00650,food,63,1371.0,3.0,11196.0,12,34,27
P00651,beauty,32,269.0,6.0,4460.0,74,15,63
P00652,automotive,28,1284.0,1.0,11273.0,40,24,17
P00653,automotive,14,540.0,3.0,8777.0,57,64,14
P00654,garden,23,1593.0,4.0,13010.0,80,7,40
P00655,fashion,12,1967.0,4.0,,31,59,75
P00656,food,20,971.0,2.0,7631.0,21,74,29
P00657,books,66,1625.0,1.0,10163.0,61,37,45
P00658,automotive,42,675.0,7.0,5750.0,85,65,34
P00659,automotive,46,1684.0,1.0,4811.0,20,78,61
P00660,fashion,33,1090.0,,4979.0,44,62,72
P00661,sports,48,1043.0,2.0,11253.0,58,42,78
P00662,home,43,248.0,3.0,3193.0,30,47,25
P00663,electronics,64,1340.0,2.0,14631.0,86,20,24
P00664,books,57,1592.0,6.0,3216.0,63,14,74
P00665,sports,43,1034.0,1.0,6305.0,56,64,48
P00666,beauty,56,361.0,1.0,14897.0,22,43,29
P00667,automotive,46,1370.0,1.0,546.0,16,74,30
P00668,home,69,1269.0,5.0,5113.0,24,60,18
P00669,books,41,1733.0,7.0,12748.0,12,24,11
P00670,books,61,1912.0,2.0,4813.0,58,77,30
P00671,food,20,523.0,4.0,4191.0,87,5,64
P00672,home,20,619.0,3.0,115.0,78,12,54
P00673,garden,28,1904.0,5.0,2314.0,30,50,5
P00674,toys,59,280.0,5.0,3019.0,27,50,8
P00675,automotive,63,1831.0,3.0,13200.0,57,59,70
P00676,automotive,34,350.0,5.0,8239.0,79,53,64
P00677,automotive,36,867.0,1.0,3564.0,79,24,64
P00678,books,39,319.0,4.0,12158.0,56,16,69
P00679,fashion,22,1954.0,7.0,9118.0,32,77,52
P00680,sports,42,1025.0,7.0,,53,30,30
P00681,food,59,1770.0,1.0,3884.0,76,17,49
P00682,beauty,55,111.0,1.0,3387.0,89,10,53
P00683,fashion,15,128.0,6.0,10715.0,16,65,68
P00684,beauty,31,1088.0,2.0,10772.0,79,68,44
P00685,sports,48,,5.0,9766.0,77,70,9
P00686,food,45,1110.0,4.0,6764.0,29,68,51
P00687,home,52,1429.0,3.0,7686.0,15,17,60
P00688,garden,54,1002.0,3.0,13479.0,37,6,75
P00689,garden,28,1578.0,6.0,8369.0,34,42,18
P00690,sports,38,248.0,2.0,9254.0,20,43,69
P00691,sports,20,534.0,6.0,3485.0,33,7,6
P00692,electronics,53,362.0,2.0,6885.0,27,70,59
P00693,automotive,36,1022.0,7.0,426.0,90,53,28
P00694,toys,30,822.0,5.0,6976.0,17,56,13
P00695,food,55,1101.0,4.0,12030.0,58,45,29
P00696,beauty,66,348.0,1.0,10094.0,39,79,46
P00697,sports,63,918.0,2.0,13350.0,85,63,19
P00698,toys,18,1542.0,5.0,5169.0,52,48,46
P00699,sports,58,184.0,5.0,11690.0,62,42,58
P00700,sports,44,1585.0,1.0,11010.0,45,67,70
P00701,home,16,476.0,1.0,10648.0,82,31,46
P00702,food,33,1743.0,5.0,12008.0,70,69,50
P00703,books,23,1638.0,3.0,7131.0,59,15,74
P00704,automotive,25,921.0,4.0,5192.0,45,7,7
P00705,toys,47,192.0,5.0,8800.0,50,8,62
P00706,fashion,34,800.0,6.0,5825.0,32,32,78
P00707,sports,52,1263.0,2.0,10405.0,69,44,66
P00708,sports,58,711.0,5.0,13000.0,36,72,74
P00709,books,10,1286.0,7.0,490.0,35,73,72
P00710,home,59,1655.0,7.0,9351.0,51,7,49
P00711,fashion,18,1915.0,7.0,6412.0,92,62,65
P00712,electronics,10,826.0,1.0,1662.0,49,20,32
P00713,beauty,15,1975.0,1.0,3447.0,91,34,13
P00714,toys,13,534.0,7.0,12400.0,57,69,11
P00715,electronics,30,1892.0,2.0,5530.0,16,78,18
P00716,electronics,60,328.0,3.0,1402.0,62,64,59
P00717,beauty,50,1105.0,4.0,11263.0,92,18,35
P00718,automotive,36,1361.0,5.0,3634.0,89,7,65
P00719,garden,66,131.0,1.0,5514.0,26,79,29
P00720,electronics,39,915.0,5.0,3023.0,34,22,64
P00721,beauty,15,590.0,1.0,11112.0,71,22,71
P00722,electronics,11,1640.0,3.0,13782.0,49,44,29
P00723,electronics,40,977.0,7.0,14580.0,84,17,44
P00724,food,23,252.0,1.0,1215.0,56,54,45
P00725,books,32,126.0,1.0,13858.0,31,69,70
P00726,automotive,28,96.0,4.0,9558.0,39,30,33
P00727,toys,33,122.0,2.0,12433.0,20,40,34
P00728,books,67,995.0,2.0,1217.0,35,72,63
P00729,automotive,14,681.0,3.0,12809.0,78,71,72
P00730,beauty,16,456.0,,4982.0,29,12,7
P00731,books,27,805.0,1.0,5969.0,49,61,10
P00732,sports,54,902.0,7.0,13449.0,26,6,75
P00733,fashion,25,1182.0,6.0,11000.0,53,16,38
P00734,beauty,24,1021.0,3.0,7732.0,96,52,46
P00735,automotive,53,1869.0,6.0,10038.0,78,14,72
P00736,garden,46,779.0,7.0,5399.0,78,18,34
P00737,garden,48,812.0,3.0,14745.0,32,38,38
P00738,garden,49,853.0,2.0,1140.0,37,36,68
P00739,toys,48,143.0,2.0,8665.0,18,47,59
P00740,automotive,43,1511.0,7.0,760.0,92,74,57
P00741,toys,41,,7.0,6503.0,96,36,32
P00742,food,56,827.0,5.0,7675.0,40,27,57
P00743,electronics,30,748.0,5.0,12575.0,72,20,67
P00744,home,29,1061.0,3.0,14083.0,28,70,73
P00745,books,24,1807.0,4.0,11268.0,68,21,52
P00746,toys,59,,3.0,14465.0,18,5,70
P00747,garden,10,891.0,3.0,1960.0,39,43,65
P00748,electronics,22,310.0,6.0,7935.0,45,59,59
P00749,home,18,677.0,,8984.0,99,6,45
P00750,garden,32,1511.0,3.0,1251.0,52,52,37
P00751,sports,23,1461.0,2.0,8925.0,30,37,52
P00752,electronics,40,1620.0,5.0,733.0,14,63,71
P00753,toys,68,1011.0,4.0,9511.0,26,7,44
P00754,garden,35,1805.0,1.0,3399.0,31,72,57
P00755,food,68,1132.0,5.0,14128.0,38,70,47
P00756,garden,28,304.0,3.0,4963.0,22,56,53
P00757,electronics,56,346.0,3.0,9070.0,76,51,56
P00758,home,18,1017.0,7.0,9178.0,44,57,8
P00759,garden,46,781.0,5.0,13063.0,31,17,14
P00760,toys,55,259.0,1.0,5120.0,57,72,7
P00761,beauty,50,140.0,,5439.0,38,62,62
P00762,sports,66,1256.0,3.0,10277.0,71,61,72
P00763,garden,46,1522.0,6.0,954.0,57,41,31
P00764,food,45,479.0,3.0,8351.0,93,15,10
P00765,garden,48,528.0,4.0,5690.0,68,43,5
P00766,books,31,1092.0,5.0,14671.0,43,45,38
P00767,automotive,23,285.0,2.0,8036.0,23,24,53
P00768,electronics,64,1683.0,1.0,11592.0,19,74,29
P00769,food,68,1199.0,5.0,12516.0,68,34,51
P00770,beauty,65,755.0,1.0,2281.0,12,76,16
P00771,food,55,1179.0,6.0,,44,70,59
P00772,electronics,23,367.0,4.0,10229.0,11,10,29
P00773,food,24,665.0,1.0,6688.0,41,16,79
P00774,fashion,28,1087.0,6.0,3056.0,89,34,62
P00775,fashion,40,1926.0,7.0,6981.0,17,51,39
P00776,toys,24,1695.0,1.0,860.0,97,13,75
P00777,books,57,1289.0,7.0,14950.0,97,21,77
P00778,food,15,703.0,3.0,1423.0,87,69,19
P00779,home,64,1856.0,5.0,2206.0,72,38,48
P00780,toys,37,300.0,2.0,2138.0,26,46,54
P00781,beauty,33,636.0,1.0,3162.0,18,44,31
P00782,electronics,37,888.0,7.0,2838.0,92,77,79
P00783,toys,39,1126.0,5.0,9416.0,42,14,55
P00784,toys,43,1364.0,2.0,1763.0,50,44,62
P00785,home,28,856.0,3.0,10550.0,17,10,19
P00786,automotive,28,1888.0,6.0,6171.0,15,8,72
P00787,food,32,855.0,3.0,5985.0,58,41,77
P00788,toys,19,1277.0,5.0,7692.0,46,72,72
P00789,beauty,23,143.0,1.0,578.0,73,35,38
P00790,electronics,35,356.0,7.0,,85,58,75
P00791,electronics,11,478.0,6.0,7877.0,15,74,5
P00792,toys,35,52.0,3.0,11261.0,97,5,20
P00793,beauty,34,1745.0,4.0,2250.0,92,57,54
P00794,sports,10,1268.0,2.0,863.0,61,72,62
P00795,electronics,38,1707.0,4.0,935.0,43,72,14
P00796,books,49,698.0,3.0,14388.0,24,60,26
P00797,home,56,254.0,3.0,5236.0,31,74,11
P00798,books,33,689.0,6.0,3616.0,73,50,12
P00799,fashion,41,85.0,3.0,2121.0,21,6,6
P00800,food,14,641.0,1.0,3919.0,96,78,79
P00801,beauty,29,248.0,4.0,,23,70,71
P00802,sports,49,467.0,1.0,14552.0,77,19,50
P00803,garden,37,1295.0,4.0,11449.0,86,76,7
P00804,food,67,1926.0,5.0,12786.0,36,53,59
P00805,books,57,517.0,1.0,800.0,53,38,45
P00806,sports,64,1966.0,1.0,8657.0,61,66,63
P00807,automotive,38,1537.0,3.0,7548.0,81,52,41
P00808,automotive,14,284.0,4.0,3008.0,14,64,5
P00809,automotive,43,61.0,1.0,7505.0,30,30,73
P00810,toys,66,270.0,3.0,8809.0,23,34,70
P00811,home,20,1445.0,6.0,126.0,38,12,73
P00812,beauty,67,1358.0,4.0,14716.0,70,71,54
P00813,electronics,10,1778.0,4.0,11099.0,47,24,74
P00814,sports,46,1074.0,1.0,13891.0,54,15,10
P00815,garden,65,137.0,6.0,1437.0,50,11,35
P00816,beauty,22,1999.0,5.0,995.0,10,33,29
P00817,automotive,26,1741.0,4.0,13987.0,18,41,40
P00818,books,58,1447.0,5.0,14000.0,30,67,8
P00819,home,30,1839.0,2.0,9626.0,14,54,66
P00820,beauty,49,594.0,5.0,3088.0,84,65,27
P00821,toys,16,1094.0,3.0,4388.0,99,5,14
P00822,automotive,50,1088.0,1.0,11935.0,53,7,19
P00823,sports,40,604.0,2.0,13886.0,69,22,13
P00824,food,40,1992.0,3.0,10106.0,15,33,56
P00825,electronics,54,1147.0,4.0,6066.0,14,10,74
P00826,fashion,36,1842.0,2.0,12344.0,64,70,11
P00827,beauty,51,655.0,6.0,3977.0,79,77,7
P00828,garden,35,1016.0,2.0,2025.0,93,41,71
P00829,automotive,61,1869.0,1.0,5829.0,42,65,33
P00830,electronics,43,399.0,2.0,7065.0,47,19,14
P00831,sports,27,1110.0,3.0,9212.0,81,7,19
P00832,automotive,62,1602.0,1.0,10355.0,22,72,55
P00833,fashion,28,1607.0,1.0,10881.0,95,66,11
P00834,books,66,1515.0,2.0,3147.0,36,61,35
P00835,home,67,1239.0,3.0,9961.0,12,67,78
P00836,fashion,43,63.0,7.0,769.0,81,58,37
P00837,electronics,37,612.0,5.0,13826.0,96,65,17
P00838,sports,25,1600.0,1.0,6685.0,53,77,61
P00839,beauty,60,1025.0,1.0,14346.0,24,70,37
P00840,toys,26,749.0,1.0,13030.0,23,71,34
P00841,books,46,1765.0,1.0,3036.0,36,40,24
P00842,books,58,718.0,4.0,1761.0,58,66,61
P00843,garden,20,796.0,6.0,13696.0,66,22,41
P00844,sports,20,838.0,4.0,7421.0,72,28,41
P00845,automotive,67,715.0,3.0,1689.0,74,70,62
P00846,garden,69,1036.0,5.0,9173.0,31,32,32
P00847,home,29,1915.0,3.0,14357.0,25,67,54
P00848,automotive,23,1994.0,6.0,9056.0,95,42,17
P00849,electronics,48,,5.0,3964.0,22,25,47
P00850,toys,45,770.0,7.0,5122.0,55,35,37
P00851,beauty,25,1726.0,1.0,4060.0,35,48,43
P00852,beauty,22,1172.0,4.0,8121.0,75,9,32
P00853,garden,44,397.0,7.0,6381.0,39,46,14
P00854,home,26,1121.0,5.0,5209.0,19,12,74
P00855,fashion,42,1593.0,6.0,2807.0,38,41,35
P00856,automotive,51,836.0,4.0,532.0,19,29,61
P00857,garden,25,1249.0,3.0,12433.0,25,50,72
P00858,beauty,44,1560.0,6.0,12067.0,52,67,38
P00859,sports,69,284.0,4.0,1958.0,97,11,66
P00860,fashion,42,1950.0,3.0,3495.0,28,11,37
P00861,fashion,18,174.0,3.0,6645.0,81,39,9
P00862,home,54,272.0,1.0,8978.0,56,61,71
P00863,fashion,36,631.0,6.0,13616.0,98,25,68
P00864,electronics,52,88.0,6.0,10488.0,56,63,47
P00865,toys,11,1332.0,1.0,9567.0,19,5,67
P00866,automotive,52,1074.0,3.0,11183.0,46,27,55
P00867,books,50,752.0,5.0,9146.0,16,43,65
P00868,beauty,10,1975.0,2.0,13954.0,29,51,9
P00869,beauty,37,578.0,3.0,14920.0,58,32,66
P00870,toys,38,1764.0,7.0,6826.0,91,71,21
P00871,books,43,1184.0,6.0,435.0,65,37,78
P00872,food,46,1400.0,7.0,14912.0,42,52,77
P00873,food,51,1907.0,7.0,4864.0,67,13,9
P00874,books,64,545.0,5.0,4095.0,31,74,53
P00875,beauty,55,287.0,2.0,1962.0,18,42,33
P00876,garden,28,1595.0,7.0,11459.0,76,40,24
P00877,automotive,67,1306.0,4.0,2850.0,85,25,77
P00878,home,38,434.0,4.0,14470.0,65,50,35
P00879,food,61,1829.0,4.0,3318.0,54,5,46
P00880,beauty,39,1449.0,4.0,1178.0,51,38,28
P00881,fashion,29,1105.0,4.0,9440.0,43,63,56
P00882,home,53,307.0,6.0,3168.0,97,63,23
P00883,books,53,1930.0,2.0,4154.0,55,52,32
P00884,toys,17,1074.0,4.0,1667.0,88,33,57
P00885,home,14,1215.0,5.0,9996.0,13,44,20
P00886,beauty,55,103.0,4.0,3380.0,41,17,63
P00887,automotive,18,1361.0,6.0,11097.0,29,51,78
P00888,food,37,1678.0,3.0,3966.0,20,21,57
P00889,food,37,1592.0,7.0,6088.0,99,29,32
P00890,automotive,36,785.0,1.0,7429.0,14,60,18
P00891,food,37,439.0,6.0,8091.0,59,14,47
P00892,home,67,914.0,2.0,12435.0,29,29,37
P00893,beauty,40,1142.0,5.0,2068.0,17,31,23
P00894,books,62,574.0,1.0,,98,75,32
P00895,food,38,1247.0,2.0,11314.0,36,64,77
P00896,automotive,38,1852.0,3.0,12846.0,41,32,17
P00897,sports,48,284.0,1.0,6344.0,26,50,24
P00898,electronics,24,530.0,3.0,185.0,71,22,31
P00899,toys,67,938.0,5.0,12536.0,93,64,73
P00900,sports,65,388.0,2.0,9212.0,40,30,31
P00901,beauty,20,1552.0,5.0,,82,72,26
P00902,beauty,18,168.0,4.0,5898.0,46,71,27
P00903,beauty,31,129.0,6.0,10481.0,59,23,76
P00904,sports,21,738.0,5.0,4399.0,82,35,31
P00905,toys,14,856.0,4.0,5442.0,95,73,32
P00906,home,58,1425.0,6.0,11556.0,64,12,32
P00907,books,21,334.0,2.0,5639.0,43,54,70
P00908,food,32,1578.0,4.0,14202.0,52,43,58
P00909,food,69,392.0,2.0,6603.0,87,47,49
P00910,garden,33,1900.0,4.0,8479.0,41,47,20
P00911,beauty,12,1049.0,4.0,9576.0,52,42,13
P00912,home,24,1544.0,5.0,10514.0,79,30,11
P00913,garden,22,107.0,3.0,7647.0,86,40,27
P00914,books,43,1447.0,5.0,5508.0,50,78,64
P00915,books,35,878.0,2.0,12083.0,91,10,62
P00916,books,14,1029.0,2.0,10769.0,87,17,63
P00917,home,27,100.0,1.0,916.0,51,9,55
P00918,automotive,38,1260.0,4.0,9415.0,34,51,43
P00919,beauty,42,1854.0,3.0,13518.0,26,29,31
P00920,beauty,35,1990.0,6.0,8443.0,20,8,59
P00921,automotive,69,1771.0,3.0,13897.0,27,20,19
P00922,automotive,39,1449.0,5.0,5914.0,16,24,10
P00923,garden,52,462.0,7.0,3736.0,35,11,67
P00924,automotive,44,769.0,5.0,7531.0,99,62,40
P00925,electronics,34,178.0,6.0,1601.0,30,6,51
P00926,books,11,488.0,4.0,1063.0,44,71,76
P00927,books,50,538.0,2.0,8620.0,44,78,56
P00928,sports,61,1350.0,4.0,541.0,56,73,62
P00929,books,62,105.0,6.0,1056.0,55,20,40
P00930,books,57,1862.0,1.0,6883.0,62,22,28
P00931,toys,23,1482.0,4.0,3522.0,17,78,31
P00932,food,37,1361.0,4.0,2776.0,38,51,72
P00933,toys,53,1169.0,7.0,7662.0,91,45,33
P00934,food,53,544.0,7.0,4983.0,97,69,75
P00935,garden,46,1110.0,5.0,9245.0,10,19,7
P00936,automotive,12,1293.0,2.0,6441.0,66,35,26
P00937,beauty,54,1711.0,2.0,2995.0,22,15,75
P00938,fashion,43,1381.0,5.0,10594.0,58,64,48
P00939,home,15,1628.0,2.0,13997.0,10,20,32
P00940,food,42,940.0,5.0,10931.0,78,14,18
P00941,home,53,847.0,7.0,2801.0,98,32,41
P00942,beauty,66,1572.0,2.0,,21,47,76
P00943,food,57,1240.0,7.0,2389.0,46,20,31
P00944,home,25,,1.0,487.0,27,72,41
P00945,fashion,51,911.0,4.0,2518.0,27,67,31
P00946,fashion,50,1135.0,3.0,12161.0,81,73,69
P00947,beauty,21,1266.0,4.0,13949.0,20,32,56
P00948,sports,59,753.0,4.0,8998.0,21,34,51
P00949,automotive,19,345.0,4.0,13193.0,43,44,55
P00950,automotive,55,1801.0,1.0,6203.0,37,73,35
P00951,fashion,54,635.0,6.0,592.0,97,42,65
P00952,fashion,67,365.0,7.0,13573.0,45,34,51
P00953,sports,48,541.0,4.0,10926.0,59,54,10
P00954,toys,14,1744.0,6.0,9916.0,19,14,33
P00955,electronics,69,376.0,1.0,1194.0,41,79,70
P00956,electronics,33,1409.0,6.0,14442.0,28,56,24
P00957,automotive,37,856.0,3.0,1222.0,42,38,76
P00958,home,62,1234.0,5.0,330.0,37,11,66
P00959,automotive,23,1466.0,4.0,1232.0,20,29,79
P00960,electronics,49,483.0,1.0,14121.0,59,47,64
P00961,beauty,56,822.0,3.0,12461.0,56,78,14
P00962,food,41,1592.0,4.0,1786.0,56,41,19
P00963,beauty,54,1966.0,6.0,6468.0,48,79,41
P00964,food,52,1713.0,1.0,7973.0,57,43,31
P00965,beauty,41,639.0,7.0,8399.0,75,63,75
P00966,toys,15,512.0,1.0,3107.0,33,12,68
P00967,toys,54,1898.0,2.0,559.0,27,64,61
P00968,toys,57,1389.0,1.0,560.0,70,23,75
P00969,beauty,28,427.0,7.0,13523.0,22,35,9
P00970,automotive,59,1311.0,4.0,9364.0,41,29,57
P00971,sports,22,675.0,6.0,14732.0,62,45,70
P00972,garden,20,355.0,5.0,12918.0,62,51,78
P00973,sports,17,369.0,5.0,3604.0,76,31,67
P00974,garden,43,787.0,3.0,1437.0,52,9,65
P00975,food,27,513.0,1.0,9882.0,54,51,63
P00976,automotive,51,1580.0,4.0,3451.0,13,36,14
P00977,books,49,356.0,3.0,10214.0,81,66,35
P00978,books,35,415.0,4.0,14516.0,31,57,70
P00979,sports,25,1268.0,7.0,14497.0,85,33,52
P00980,sports,64,896.0,1.0,3843.0,68,8,24
P00981,books,63,441.0,5.0,7308.0,92,45,58
P00982,books,30,184.0,2.0,10637.0,88,64,6
P00983,automotive,24,216.0,5.0,3644.0,44,63,34
P00984,garden,58,618.0,5.0,8488.0,45,30,61
P00985,garden,51,569.0,1.0,5468.0,91,20,63
P00986,toys,37,1182.0,4.0,8650.0,89,10,43
P00987,food,41,1372.0,3.0,9630.0,73,50,25
P00988,garden,53,372.0,4.0,13157.0,93,24,42
P00989,books,22,885.0,4.0,7140.0,66,63,18
P00990,books,69,959.0,4.0,,12,49,75
P00991,books,43,354.0,5.0,1283.0,59,8,69
P00992,electronics,17,1002.0,2.0,10523.0,43,56,59
P00993,sports,67,173.0,6.0,12129.0,11,24,30
P00994,sports,69,657.0,6.0,6218.0,60,70,15
P00995,automotive,66,1472.0,4.0,12977.0,60,6,9
P00996,beauty,51,527.0,7.0,7165.0,75,32,33
P00997,toys,27,1423.0,2.0,,80,5,67
P00998,sports,41,258.0,2.0,791.0,39,52,32
P00999,sports,42,949.0,2.0,7899.0,98,40,64
P01000,electronics,40,1809.0,6.0,8963.0,49,44,18
P01001,fashion,19,1079.0,1.0,7424.0,48,57,65
P01002,electronics,28,1642.0,3.0,8112.0,26,72,10
P01003,beauty,38,518.0,2.0,7993.0,99,33,30
P01004,fashion,41,411.0,4.0,10517.0,45,47,16
P01005,toys,29,996.0,3.0,1629.0,25,51,50
P01006,books,53,533.0,6.0,8003.0,86,71,19
P01007,beauty,65,1470.0,6.0,6561.0,96,19,6
P01008,garden,38,736.0,7.0,5264.0,29,44,29
P01009,sports,47,1554.0,3.0,6773.0,63,67,5
P01010,sports,21,118.0,4.0,10219.0,91,26,33
P01011,electronics,21,713.0,7.0,,69,32,24
P01012,sports,14,523.0,5.0,3395.0,49,38,74
P01013,beauty,69,1373.0,7.0,824.0,61,58,44
P01014,sports,28,451.0,7.0,5307.0,19,55,37
P01015,home,51,998.0,1.0,4750.0,98,14,50
P01016,home,47,752.0,2.0,1133.0,56,20,15
P01017,automotive,18,1491.0,5.0,7490.0,13,66,15
P01018,books,19,771.0,1.0,7820.0,40,55,16
P01019,toys,57,1397.0,1.0,12723.0,46,43,70
P01020,fashion,57,224.0,1.0,10509.0,99,36,60
P01021,fashion,43,1513.0,,6972.0,88,77,76
P01022,books,30,1295.0,5.0,9898.0,37,71,65
P01023,sports,34,371.0,2.0,4435.0,25,35,13
P01024,beauty,57,262.0,7.0,2434.0,13,31,17
P01025,garden,21,678.0,1.0,8075.0,61,70,66
P01026,books,15,1976.0,4.0,7503.0,50,30,46
P01027,garden,26,566.0,5.0,4525.0,57,35,51
P01028,automotive,21,975.0,3.0,,34,73,22
P01029,toys,20,,6.0,8269.0,82,13,42
P01030,garden,37,625.0,6.0,8556.0,56,57,72
P01031,toys,58,956.0,5.0,10378.0,92,56,41
P01032,garden,51,392.0,5.0,4424.0,31,33,56
P01033,automotive,26,1351.0,5.0,8008.0,33,18,61
P01034,toys,35,361.0,7.0,13459.0,62,69,74
P01035,automotive,38,1160.0,6.0,9183.0,72,64,20
P01036,garden,33,670.0,1.0,12792.0,36,69,73
P01037,beauty,68,1180.0,6.0,676.0,59,30,50
P01038,garden,66,1118.0,2.0,10831.0,55,77,67
P01039,fashion,69,1284.0,7.0,,69,61,24
P01040,home,35,1230.0,3.0,,67,22,13
P01041,home,57,582.0,5.0,14548.0,28,41,11
P01042,automotive,54,1197.0,6.0,2173.0,20,28,33
P01043,garden,57,490.0,3.0,7425.0,34,45,46
P01044,toys,19,806.0,7.0,13995.0,21,19,26
P01045,toys,66,469.0,4.0,12060.0,59,60,25
P01046,garden,66,1092.0,3.0,1608.0,56,39,66
P01047,food,57,1569.0,4.0,8278.0,10,54,60
P01048,garden,44,1229.0,,5292.0,84,53,52
P01049,home,37,239.0,1.0,10589.0,74,54,53
P01050,garden,24,199.0,7.0,7739.0,51,61,68
P01051,fashion,13,666.0,6.0,4717.0,24,54,21
P01052,automotive,67,1197.0,6.0,6317.0,24,43,75
P01053,automotive,22,596.0,7.0,,93,48,69
P01054,toys,30,1990.0,5.0,5549.0,31,52,30
P01055,garden,36,1204.0,,3305.0,87,65,31
P01056,home,50,1793.0,7.0,1775.0,69,40,18
P01057,garden,25,1852.0,2.0,2470.0,66,27,58
P01058,sports,22,237.0,4.0,892.0,85,23,27
P01059,beauty,29,1763.0,1.0,778.0,90,18,25
P01060,automotive,29,149.0,5.0,8046.0,34,50,55
P01061,food,13,255.0,1.0,8163.0,98,60,19
P01062,electronics,33,1103.0,6.0,11955.0,21,28,13
P01063,food,43,1103.0,6.0,9321.0,79,45,69
P01064,sports,36,1314.0,3.0,2953.0,44,32,7
P01065,food,31,122.0,5.0,9777.0,66,72,73
P01066,electronics,65,260.0,,6707.0,85,72,56
P01067,toys,25,1595.0,6.0,2666.0,50,77,31
P01068,fashion,60,,4.0,9786.0,17,69,47
P01069,garden,46,780.0,7.0,9806.0,83,70,28
P01070,books,49,405.0,1.0,6403.0,21,46,35
P01071,electronics,26,468.0,2.0,2560.0,73,46,57
P01072,home,67,648.0,3.0,541.0,49,27,73
P01073,beauty,38,993.0,3.0,11349.0,52,61,22
P01074,garden,40,1637.0,5.0,2420.0,33,29,45
P01075,electronics,24,898.0,6.0,4201.0,55,30,69
P01076,garden,38,903.0,1.0,10165.0,26,75,6
P01077,fashion,50,1889.0,2.0,6388.0,30,6,5
P01078,fashion,66,231.0,6.0,12332.0,52,13,51
P01079,food,61,114.0,,5571.0,80,63,15
P01080,automotive,19,1986.0,3.0,13391.0,56,56,79
P01081,toys,14,1902.0,4.0,5579.0,89,63,14
P01082,garden,67,836.0,5.0,1330.0,34,40,60
P01083,books,59,507.0,5.0,10842.0,11,5,28
P01084,food,19,289.0,6.0,9935.0,37,27,74
P01085,automotive,61,332.0,7.0,14966.0,20,69,69
P01086,food,55,1789.0,6.0,1578.0,57,54,64
P01087,fashion,67,1496.0,1.0,7957.0,99,71,53
P01088,toys,19,1696.0,3.0,10674.0,53,5,21
P01089,books,59,1069.0,4.0,6075.0,26,29,13
P01090,food,31,1332.0,5.0,4007.0,62,56,24
P01091,toys,43,1796.0,7.0,4476.0,76,6,10
P01092,home,25,747.0,,259.0,88,38,63
P01093,fashion,14,1108.0,3.0,9404.0,53,70,26
P01094,home,51,612.0,7.0,11697.0,48,17,38
P01095,toys,14,1035.0,,6822.0,56,10,51
P01096,toys,37,464.0,4.0,685.0,29,52,57
P01097,garden,21,452.0,7.0,,19,22,49
P01098,home,65,746.0,3.0,13633.0,79,18,60
P01099,books,36,1902.0,2.0,9139.0,22,45,13
P01100,sports,21,579.0,1.0,1397.0,72,50,25
P01101,books,67,1345.0,1.0,6237.0,62,66,62
P01102,food,51,1164.0,7.0,8578.0,52,12,58
P01103,fashion,20,1223.0,1.0,14299.0,43,63,52
P01104,books,31,304.0,6.0,7537.0,98,55,75
P01105,food,42,1590.0,1.0,267.0,81,56,78
P01106,fashion,56,1580.0,2.0,,24,22,11
P01107,books,69,247.0,3.0,10373.0,97,67,46
P01108,fashion,60,818.0,2.0,3608.0,21,14,72
P01109,garden,10,1739.0,1.0,6220.0,83,56,29
P01110,books,38,512.0,7.0,739.0,48,15,9
P01111,toys,12,1025.0,3.0,1912.0,46,52,13
P01112,home,28,1663.0,3.0,4734.0,55,38,59
P01113,electronics,26,,6.0,1481.0,53,17,73
P01114,electronics,25,804.0,7.0,4213.0,21,19,58
P01115,books,23,1439.0,3.0,9774.0,24,37,7
P01116,automotive,34,1865.0,4.0,5802.0,76,32,35
P01117,beauty,39,929.0,4.0,2301.0,72,38,31
P01118,food,67,1949.0,2.0,9403.0,45,37,73
P01119,home,35,1550.0,1.0,12855.0,50,6,44
P01120,toys,11,1313.0,7.0,8897.0,44,37,22
P01121,beauty,45,1455.0,5.0,4732.0,87,35,47
P01122,electronics,28,415.0,5.0,12119.0,16,34,61
P01123,automotive,18,57.0,3.0,5223.0,68,22,48
P01124,fashion,50,1663.0,,326.0,37,19,36
P01125,toys,51,1433.0,1.0,9935.0,25,11,58
P01126,food,30,1879.0,1.0,10807.0,24,51,27
P01127,fashion,22,1042.0,7.0,3380.0,46,45,14
P01128,garden,39,801.0,2.0,5716.0,23,65,69
P01129,books,37,1686.0,6.0,204.0,70,22,58
P01130,sports,68,1886.0,2.0,7102.0,39,35,59
P01131,sports,12,1628.0,5.0,6742.0,87,19,71
P01132,sports,20,1662.0,5.0,3946.0,23,75,58
P01133,garden,57,382.0,6.0,7965.0,41,64,7
P01134,fashion,66,1743.0,7.0,10216.0,44,16,68
P01135,food,47,92.0,3.0,6743.0,70,65,7
P01136,beauty,28,1522.0,7.0,11955.0,36,74,56
P01137,automotive,22,432.0,3.0,6924.0,25,54,79
P01138,home,60,130.0,7.0,6198.0,46,79,35
P01139,beauty,46,1495.0,4.0,10019.0,91,19,28
P01140,electronics,34,711.0,6.0,2652.0,83,26,74
P01141,food,36,1749.0,6.0,12700.0,61,52,39
P01142,beauty,18,601.0,5.0,9113.0,99,45,74
P01143,garden,59,1416.0,7.0,5546.0,79,58,28
P01144,books,12,1305.0,5.0,3593.0,78,77,18
P01145,home,69,1650.0,5.0,11872.0,45,22,46
P01146,sports,20,,2.0,307.0,54,70,32
P01147,sports,17,1195.0,3.0,1033.0,94,14,58
P01148,fashion,14,724.0,1.0,9154.0,93,39,27
P01149,sports,39,1037.0,6.0,7255.0,74,37,61
P01150,toys,13,1223.0,5.0,2660.0,18,65,31
P01151,automotive,25,1942.0,5.0,5704.0,23,36,31
P01152,home,57,386.0,5.0,11765.0,51,67,58
P01153,fashion,54,207.0,2.0,7042.0,59,16,24
P01154,fashion,30,955.0,7.0,7969.0,66,79,26
P01155,beauty,12,871.0,4.0,1463.0,34,19,45
P01156,automotive,19,1806.0,5.0,10845.0,80,49,29
P01157,beauty,42,592.0,1.0,2168.0,85,42,33
P01158,garden,37,339.0,5.0,,28,11,30
P01159,books,61,287.0,3.0,4472.0,80,44,51
P01160,sports,38,1793.0,7.0,6520.0,23,70,30
P01161,toys,33,1230.0,6.0,4175.0,54,45,50
P01162,toys,47,1953.0,7.0,12254.0,89,57,22
P01163,fashion,60,563.0,3.0,5837.0,37,78,72
P01164,toys,59,208.0,5.0,630.0,71,27,76
P01165,beauty,18,952.0,5.0,6913.0,86,7,5
P01166,garden,35,387.0,2.0,1936.0,54,56,12
P01167,toys,65,316.0,3.0,3395.0,86,63,12
P01168,beauty,58,1771.0,5.0,8910.0,67,15,18
P01169,food,57,810.0,2.0,,55,31,64
P01170,garden,16,186.0,3.0,10032.0,20,31,23
P01171,home,33,440.0,6.0,5699.0,74,61,48
P01172,automotive,59,765.0,6.0,12584.0,37,70,23
P01173,fashion,17,1799.0,5.0,996.0,35,60,9
P01174,automotive,53,1294.0,5.0,5749.0,92,27,11
P01175,sports,41,1068.0,6.0,3731.0,41,51,75
P01176,beauty,53,1186.0,2.0,716.0,42,25,46
P01177,beauty,50,1609.0,5.0,8446.0,94,52,53
P01178,electronics,15,427.0,6.0,946.0,36,77,19
P01179,garden,17,997.0,6.0,9142.0,76,54,41
P01180,sports,30,803.0,5.0,12837.0,56,63,54
P01181,food,65,132.0,2.0,12014.0,16,61,63
P01182,beauty,66,1124.0,1.0,10250.0,62,40,54
P01183,sports,55,1404.0,5.0,3757.0,51,14,49
P01184,garden,24,1348.0,2.0,9837.0,75,78,51
P01185,sports,67,143.0,3.0,8477.0,45,32,32
P01186,automotive,53,819.0,4.0,7463.0,31,71,57
P01187,electronics,27,820.0,6.0,7193.0,30,68,27
P01188,food,52,353.0,3.0,2212.0,57,56,58
P01189,toys,36,1116.0,5.0,,99,46,39
P01190,automotive,38,1085.0,4.0,12563.0,50,25,48
P01191,electronics,24,1570.0,1.0,10976.0,22,15,40
P01192,food,48,1539.0,5.0,8260.0,84,70,47
P01193,books,26,1802.0,4.0,2066.0,38,77,58
P01194,beauty,65,878.0,2.0,9554.0,48,55,26
P01195,home,18,449.0,6.0,14385.0,86,79,40
P01196,electronics,25,1105.0,1.0,2075.0,19,21,35
P01197,toys,17,1343.0,2.0,5392.0,21,43,6
P01198,beauty,24,699.0,2.0,13596.0,28,18,68
P01199,food,50,966.0,5.0,14323.0,43,44,56
P01200,beauty,66,1841.0,7.0,6741.0,87,71,8
P01201,electronics,19,1546.0,6.0,4349.0,67,26,10
P01202,garden,23,1238.0,1.0,4374.0,79,36,74
P01203,automotive,18,1882.0,1.0,7087.0,40,43,68
P01204,fashion,58,77.0,,4860.0,47,39,59
P01205,garden,42,1089.0,5.0,8301.0,46,77,58
P01206,automotive,31,569.0,3.0,1287.0,20,36,68
P01207,home,52,609.0,7.0,1047.0,59,24,49
P01208,books,15,1578.0,2.0,171.0,39,29,5
P01209,food,56,1607.0,1.0,10763.0,95,27,39
P01210,toys,15,997.0,4.0,13861.0,72,28,29
P01211,toys,44,1077.0,2.0,1660.0,88,72,17
P01212,home,11,1219.0,2.0,13731.0,27,43,69
P01213,fashion,22,1770.0,5.0,,20,33,54
P01214,home,47,92.0,3.0,817.0,49,15,72
P01215,toys,44,1153.0,5.0,4424.0,61,77,13
P01216,beauty,36,182.0,4.0,4459.0,60,16,78
P01217,beauty,47,1877.0,6.0,14415.0,68,31,50
P01218,fashion,60,515.0,7.0,1776.0,84,57,47
P01219,electronics,25,84.0,5.0,14599.0,39,5,18
P01220,toys,68,1627.0,3.0,12941.0,36,28,51
P01221,books,18,1490.0,5.0,7390.0,33,76,49
P01222,fashion,68,1808.0,4.0,10127.0,42,6,57
P01223,automotive,65,725.0,4.0,8046.0,63,22,16
P01224,automotive,35,589.0,3.0,13659.0,82,11,52
P01225,food,15,1353.0,1.0,3256.0,47,57,12
P01226,home,34,1894.0,2.0,14339.0,47,5,10
P01227,books,26,1887.0,5.0,6328.0,91,8,40
P01228,electronics,44,,1.0,13987.0,40,40,13
P01229,beauty,23,1325.0,2.0,14767.0,24,61,58
P01230,fashion,14,1662.0,4.0,12735.0,41,72,41
P01231,home,63,1502.0,7.0,11882.0,13,21,22
P01232,books,61,1221.0,2.0,6577.0,42,47,25
P01233,food,40,358.0,1.0,10491.0,90,65,42
P01234,electronics,61,1281.0,3.0,3746.0,82,59,49
P01235,beauty,67,382.0,1.0,4248.0,90,77,64
P01236,beauty,65,930.0,7.0,11147.0,37,10,47
P01237,food,59,1168.0,6.0,11469.0,47,8,46
P01238,automotive,12,101.0,1.0,3996.0,86,56,50
P01239,home,55,889.0,1.0,14501.0,77,32,49
P01240,automotive,65,661.0,4.0,10263.0,26,60,31
P01241,electronics,20,266.0,3.0,14820.0,86,58,21
P01242,automotive,13,1312.0,5.0,7234.0,19,38,44
P01243,beauty,30,1470.0,7.0,9036.0,32,79,14
P01244,automotive,59,1792.0,3.0,9819.0,57,71,23
P01245,books,59,1412.0,6.0,2494.0,68,32,16
P01246,automotive,45,406.0,3.0,4265.0,81,5,41
P01247,sports,69,,2.0,14464.0,76,79,77
P01248,fashion,19,1653.0,7.0,10139.0,35,77,70
P01249,food,62,144.0,2.0,8166.0,42,72,11
P01250,garden,62,791.0,2.0,140.0,74,9,66
P01251,fashion,66,788.0,5.0,671.0,95,58,16
P01252,food,27,404.0,5.0,8393.0,88,77,73
P01253,home,48,1284.0,4.0,1314.0,97,33,20
P01254,automotive,26,1552.0,1.0,2220.0,70,61,14
P01255,toys,38,1792.0,1.0,8701.0,53,45,64
P01256,beauty,67,965.0,6.0,14417.0,79,39,67
P01257,sports,40,897.0,2.0,12545.0,16,59,34
P01258,books,56,446.0,2.0,7035.0,94,48,45
P01259,toys,37,214.0,6.0,14128.0,92,56,64
P01260,toys,10,1689.0,3.0,9128.0,55,21,68
P01261,automotive,19,1688.0,3.0,14172.0,57,26,36
P01262,toys,50,1963.0,7.0,3641.0,57,52,63
P01263,food,28,293.0,6.0,8721.0,22,46,64
P01264,garden,28,871.0,5.0,13844.0,28,33,64
P01265,fashion,15,1292.0,2.0,14722.0,75,67,72
P01266,electronics,59,1767.0,2.0,12914.0,12,30,67
P01267,sports,15,856.0,5.0,2328.0,71,40,38
P01268,home,42,319.0,6.0,9321.0,37,28,28
P01269,books,28,1823.0,,1510.0,22,47,78
P01270,food,64,212.0,6.0,5802.0,63,47,38
P01271,books,49,1424.0,3.0,551.0,34,29,74
P01272,garden,14,764.0,3.0,11414.0,50,63,79
P01273,books,46,50.0,5.0,11634.0,87,17,6
P01274,fashion,19,1075.0,4.0,1477.0,72,62,15
P01275,electronics,43,776.0,1.0,13757.0,97,9,47
P01276,toys,24,900.0,3.0,12606.0,45,23,11
P01277,beauty,54,401.0,6.0,12613.0,46,35,54
P01278,books,38,1362.0,4.0,6764.0,71,36,5
P01279,food,35,602.0,6.0,14100.0,22,52,68
P01280,beauty,62,347.0,6.0,14748.0,87,75,37
P01281,food,36,827.0,3.0,8266.0,41,62,55
P01282,garden,24,415.0,2.0,5739.0,52,45,39
P01283,electronics,41,1105.0,5.0,11469.0,55,11,56
P01284,sports,58,1088.0,4.0,757.0,16,79,56
P01285,food,13,1606.0,7.0,5116.0,37,28,26
P01286,books,26,1960.0,2.0,165.0,22,51,65
P01287,automotive,44,218.0,3.0,11522.0,65,65,66
P01288,food,24,122.0,1.0,740.0,73,57,29
P01289,electronics,55,910.0,3.0,11320.0,10,13,9
P01290,automotive,13,181.0,5.0,8528.0,10,24,38
P01291,food,25,1708.0,6.0,6590.0,83,79,54
P01292,fashion,45,1625.0,6.0,9501.0,40,62,63
P01293,food,61,892.0,1.0,752.0,86,52,20
P01294,toys,31,1923.0,7.0,12185.0,69,38,41
P01295,toys,25,1062.0,5.0,4067.0,80,75,62
P01296,home,65,1113.0,2.0,12653.0,44,59,44
P01297,automotive,40,1568.0,2.0,13289.0,37,59,64
P01298,garden,22,1124.0,6.0,8306.0,75,73,55
P01299,sports,62,1440.0,5.0,8850.0,66,77,18
P01300,home,11,,2.0,13860.0,61,69,20
P01301,fashion,54,1044.0,4.0,6135.0,42,54,64
P01302,food,64,1629.0,7.0,6024.0,65,22,57
P01303,automotive,44,1935.0,1.0,14216.0,45,25,67
P01304,garden,64,424.0,4.0,6118.0,90,16,27
P01305,fashion,47,120.0,7.0,5559.0,73,65,8
P01306,books,45,1207.0,1.0,188.0,45,30,22
P01307,sports,16,156.0,4.0,4988.0,85,21,37
P01308,garden,20,1380.0,4.0,3820.0,16,59,14
P01309,toys,51,883.0,3.0,11580.0,84,47,19
P01310,automotive,50,1611.0,4.0,7553.0,47,23,15
P01311,garden,46,357.0,5.0,5394.0,30,32,14
P01312,food,22,139.0,2.0,14013.0,84,41,33
P01313,garden,15,472.0,4.0,6748.0,69,64,65
P01314,books,15,173.0,4.0,6295.0,16,5,33
P01315,home,17,342.0,1.0,10864.0,34,61,26
P01316,fashion,23,1527.0,2.0,3991.0,50,10,46
P01317,books,68,1400.0,5.0,6508.0,66,69,53
P01318,food,56,1262.0,4.0,10619.0,82,13,31
P01319,electronics,20,871.0,7.0,4902.0,43,23,5
P01320,garden,28,485.0,6.0,6497.0,82,32,27
P01321,toys,63,1676.0,2.0,329.0,81,79,10
P01322,electronics,36,1758.0,7.0,11933.0,44,34,15
P01323,beauty,26,538.0,7.0,12922.0,94,65,50
P01324,electronics,29,1798.0,3.0,10058.0,94,24,18
P01325,food,33,1265.0,5.0,7947.0,36,34,32
P01326,toys,42,724.0,2.0,,60,43,34
P01327,toys,43,466.0,1.0,12784.0,88,14,70
P01328,fashion,41,1201.0,2.0,7086.0,58,7,16
P01329,books,47,78.0,6.0,9305.0,76,31,11
P01330,home,27,666.0,4.0,14086.0,81,63,45
P01331,automotive,39,1393.0,4.0,3089.0,60,12,51
P01332,home,59,1018.0,4.0,11695.0,42,66,42
P01333,beauty,30,,6.0,5511.0,57,51,57
P01334,food,68,360.0,5.0,1483.0,84,25,69
P01335,electronics,39,1402.0,5.0,6317.0,38,13,50
P01336,food,32,1682.0,4.0,7820.0,85,46,45
P01337,electronics,52,1396.0,1.0,11121.0,28,37,56
P01338,books,33,356.0,3.0,2360.0,51,13,21
P01339,fashion,33,1352.0,1.0,8267.0,17,55,23
P01340,home,32,589.0,6.0,9954.0,86,67,32
P01341,garden,42,1204.0,3.0,9583.0,74,38,62
P01342,food,12,1201.0,2.0,12503.0,20,38,68
P01343,beauty,32,1775.0,,11320.0,30,71,46
P01344,beauty,56,1659.0,4.0,7032.0,57,34,51
P01345,automotive,29,197.0,7.0,4180.0,54,23,64
P01346,sports,42,50.0,2.0,13220.0,20,68,23
P01347,electronics,27,1867.0,6.0,13241.0,90,44,14
P01348,automotive,66,646.0,2.0,2033.0,51,75,60
P01349,sports,23,178.0,6.0,6853.0,70,73,14
P01350,books,56,422.0,4.0,11304.0,77,65,16
P01351,toys,55,1015.0,4.0,9950.0,25,31,34
P01352,fashion,34,1782.0,5.0,13136.0,40,58,63
P01353,garden,69,1850.0,1.0,3351.0,76,40,34
P01354,automotive,69,1330.0,6.0,14125.0,79,62,13
P01355,food,11,574.0,,3577.0,29,74,14
P01356,food,44,1439.0,,1528.0,38,59,23
P01357,toys,21,1683.0,1.0,11051.0,80,42,11
P01358,fashion,69,850.0,6.0,13927.0,40,79,29
P01359,books,67,1206.0,1.0,5321.0,16,69,11
P01360,toys,35,1003.0,5.0,2481.0,54,23,68
P01361,electronics,30,1729.0,2.0,13151.0,22,75,8
P01362,books,59,1244.0,6.0,1517.0,63,40,19
P01363,beauty,33,144.0,7.0,10004.0,94,24,7
P01364,fashion,53,1749.0,6.0,1987.0,19,27,26
P01365,food,49,1134.0,6.0,10014.0,35,63,65
P01366,books,27,890.0,5.0,1797.0,60,33,48
P01367,fashion,31,417.0,1.0,5765.0,23,54,75
P01368,books,65,1412.0,7.0,7026.0,58,38,51
P01369,sports,39,85.0,7.0,13549.0,29,79,36
P01370,toys,35,388.0,1.0,10694.0,67,15,76
P01371,beauty,64,1393.0,6.0,14175.0,42,48,19
P01372,garden,44,581.0,1.0,8145.0,93,31,13
P01373,home,43,1511.0,5.0,3943.0,85,64,29
P01374,beauty,33,561.0,2.0,6426.0,99,75,74
P01375,automotive,50,1485.0,1.0,7766.0,23,30,66
P01376,electronics,12,1374.0,2.0,8501.0,95,73,45
P01377,books,23,1467.0,3.0,13613.0,11,50,74
P01378,sports,59,1480.0,3.0,13465.0,29,9,53
P01379,food,25,1609.0,3.0,1609.0,87,63,22
P01380,home,69,767.0,4.0,11931.0,87,46,5
P01381,books,63,965.0,5.0,4533.0,36,77,7
P01382,books,32,186.0,4.0,8855.0,85,39,68
P01383,garden,65,727.0,5.0,14320.0,16,23,28
P01384,fashion,52,946.0,3.0,13247.0,40,17,36
P01385,home,58,1553.0,2.0,7326.0,12,10,33
P01386,garden,38,1810.0,2.0,782.0,56,57,11
P01387,home,17,1349.0,3.0,14277.0,90,78,5
P01388,toys,42,299.0,,13620.0,65,53,59
P01389,beauty,59,,4.0,5764.0,57,50,56
P01390,home,15,1090.0,5.0,2146.0,27,7,21
P01391,home,11,898.0,6.0,7959.0,64,6,14
P01392,food,59,1864.0,3.0,12045.0,39,42,43
P01393,food,45,405.0,1.0,6866.0,65,43,11
P01394,toys,41,,6.0,413.0,21,36,26
P01395,garden,50,1568.0,6.0,6912.0,56,75,58
P01396,food,51,903.0,3.0,7771.0,54,29,18
P01397,sports,35,531.0,7.0,13773.0,79,78,62
P01398,automotive,46,303.0,5.0,12133.0,91,24,71
P01399,fashion,38,1264.0,6.0,10450.0,91,29,18
P01400,home,22,1280.0,3.0,6128.0,40,27,54
P01401,fashion,54,1483.0,4.0,14191.0,67,63,62
P01402,electronics,32,1683.0,3.0,3550.0,68,29,43
P01403,toys,63,1983.0,6.0,5010.0,85,39,27
P01404,beauty,33,415.0,6.0,12709.0,82,13,78
P01405,home,21,894.0,7.0,14909.0,10,34,28
P01406,automotive,59,681.0,3.0,12239.0,82,19,23
P01407,sports,18,1751.0,6.0,10644.0,53,61,14
P01408,books,69,279.0,5.0,14072.0,95,65,72
P01409,electronics,47,1345.0,1.0,2056.0,64,25,21
P01410,electronics,38,664.0,6.0,10070.0,44,79,14
P01411,food,23,66.0,1.0,6252.0,28,36,7
P01412,fashion,22,1215.0,1.0,9011.0,95,67,26
P01413,books,21,812.0,,3805.0,24,23,55
P01414,toys,59,1396.0,4.0,7384.0,18,69,56
P01415,automotive,22,818.0,1.0,3608.0,22,15,68
P01416,home,12,420.0,4.0,9687.0,59,32,55
P01417,food,21,283.0,6.0,13950.0,35,33,8
P01418,toys,46,,4.0,976.0,62,18,68
P01419,sports,38,902.0,2.0,14403.0,84,76,24
P01420,beauty,32,574.0,3.0,9923.0,36,27,76
P01421,electronics,67,277.0,6.0,311.0,12,36,30
P01422,beauty,30,667.0,3.0,8729.0,42,6,6
P01423,sports,59,1678.0,5.0,2156.0,64,56,34
P01424,beauty,17,1687.0,5.0,12059.0,75,18,38
P01425,toys,42,755.0,4.0,4239.0,16,26,66
P01426,beauty,17,1067.0,3.0,956.0,89,73,46
P01427,books,14,407.0,1.0,12731.0,63,69,8
P01428,fashion,50,853.0,6.0,8095.0,53,13,8
P01429,electronics,50,1223.0,3.0,9205.0,32,51,51
P01430,home,44,87.0,4.0,12490.0,96,61,11
P01431,electronics,37,1722.0,1.0,8524.0,24,76,44
P01432,toys,26,1813.0,6.0,11965.0,50,23,72
P01433,toys,56,1873.0,7.0,9014.0,51,29,67
P01434,home,21,461.0,7.0,514.0,59,22,52
P01435,automotive,39,1793.0,3.0,14263.0,30,45,27
P01436,garden,66,271.0,1.0,14395.0,94,50,43
P01437,home,50,1770.0,1.0,4209.0,44,19,12
P01438,home,60,314.0,3.0,9792.0,74,6,60
P01439,automotive,22,728.0,1.0,1937.0,66,15,14
P01440,sports,11,1899.0,2.0,4344.0,28,20,8
P01441,sports,59,1035.0,5.0,9156.0,94,48,52
P01442,fashion,43,472.0,1.0,5283.0,51,20,47
P01443,electronics,56,774.0,5.0,14536.0,65,65,45
P01444,books,60,693.0,7.0,1268.0,68,53,40
P01445,sports,32,1848.0,7.0,10679.0,55,19,49
P01446,garden,16,853.0,7.0,9230.0,67,79,38
P01447,automotive,67,231.0,3.0,13392.0,60,57,15
P01448,beauty,28,373.0,5.0,12155.0,76,70,47
P01449,toys,19,1130.0,1.0,13453.0,52,55,8
P01450,books,44,76.0,2.0,11928.0,83,54,9
P01451,books,11,531.0,6.0,3366.0,60,41,47
P01452,automotive,13,1227.0,2.0,6428.0,99,54,57
P01453,beauty,55,1708.0,3.0,10315.0,61,62,11
P01454,fashion,15,238.0,3.0,14985.0,63,78,33
P01455,books,46,711.0,3.0,12947.0,54,49,74
P01456,toys,37,811.0,6.0,9779.0,45,61,63
P01457,sports,16,1734.0,7.0,1609.0,80,75,65
P01458,food,66,1583.0,4.0,6370.0,67,50,54
P01459,sports,19,1859.0,5.0,9807.0,45,62,18
P01460,home,49,1260.0,6.0,11599.0,82,19,34
P01461,books,17,385.0,3.0,4152.0,19,71,49
P01462,beauty,45,1880.0,4.0,7063.0,15,78,54
P01463,books,20,1520.0,7.0,12342.0,67,32,14
P01464,food,63,1338.0,3.0,12524.0,51,71,77
P01465,home,37,732.0,2.0,3425.0,81,65,75
P01466,electronics,10,1600.0,1.0,3880.0,69,22,7
P01467,beauty,13,836.0,1.0,5663.0,80,79,49
P01468,books,42,681.0,6.0,9692.0,33,48,15
P01469,home,41,585.0,2.0,10183.0,32,17,28
P01470,toys,29,1336.0,6.0,,32,13,71
P01471,toys,46,1252.0,1.0,8381.0,68,43,56
P01472,automotive,57,493.0,6.0,13774.0,70,44,31
P01473,books,53,719.0,3.0,1887.0,99,69,5
P01474,food,54,493.0,6.0,7918.0,29,43,67
P01475,toys,66,1494.0,6.0,3456.0,19,34,26
P01476,food,22,719.0,4.0,8131.0,96,28,50
P01477,electronics,14,1568.0,7.0,13299.0,57,43,22
P01478,toys,17,502.0,7.0,13290.0,43,24,64
P01479,sports,12,820.0,5.0,14832.0,37,61,30
P01480,home,27,101.0,4.0,7396.0,89,15,60
P01481,home,18,59.0,7.0,10440.0,81,66,11
P01482,home,65,106.0,7.0,7205.0,25,21,51
P01483,electronics,30,178.0,3.0,245.0,39,19,77
P01484,books,23,1859.0,3.0,4322.0,88,78,40
P01485,automotive,41,583.0,3.0,11176.0,76,34,40
P01486,books,35,1086.0,7.0,903.0,83,56,56
P01487,home,10,1910.0,2.0,9678.0,24,34,69
P01488,automotive,67,1000.0,1.0,6932.0,62,78,65
P01489,home,51,817.0,4.0,6236.0,16,16,9
P01490,garden,59,1471.0,7.0,11060.0,50,39,27
P01491,sports,67,1501.0,3.0,3497.0,19,11,68
P01492,electronics,63,246.0,4.0,,34,47,78
P01493,beauty,24,1875.0,1.0,2568.0,33,60,53
P01494,garden,55,289.0,6.0,1715.0,26,40,5
P01495,food,10,716.0,7.0,1344.0,86,68,55
P01496,books,31,1908.0,5.0,1648.0,43,62,76
P01497,food,55,1144.0,1.0,9625.0,23,76,65
P01498,beauty,51,1158.0,1.0,4568.0,98,79,59
P01499,books,56,1712.0,6.0,5125.0,13,76,44
P01500,books,55,924.0,1.0,11319.0,23,37,72
P01501,beauty,12,1248.0,1.0,7818.0,86,79,52
P01502,sports,44,1113.0,7.0,1251.0,50,54,43
P01503,books,47,268.0,,7925.0,43,11,72
P01504,toys,19,643.0,5.0,9950.0,37,11,5
P01505,books,24,1550.0,5.0,9148.0,62,34,14
P01506,home,39,690.0,3.0,13037.0,42,46,68
P01507,books,47,1812.0,2.0,8958.0,17,11,9
P01508,garden,61,1920.0,4.0,12205.0,96,48,72
P01509,electronics,53,1549.0,1.0,7834.0,91,55,78
P01510,food,68,51.0,3.0,9585.0,25,57,24
P01511,home,23,1517.0,5.0,2411.0,55,77,71
P01512,electronics,33,1963.0,7.0,14885.0,50,32,46
P01513,home,25,1523.0,5.0,502.0,18,7,43
P01514,beauty,63,1293.0,6.0,14526.0,45,76,74
P01515,sports,46,1244.0,3.0,8685.0,67,44,63
P01516,garden,40,1016.0,1.0,5128.0,19,52,71
P01517,fashion,44,533.0,3.0,6405.0,42,44,71
P01518,toys,29,981.0,5.0,1240.0,32,41,59
P01519,garden,63,1826.0,1.0,6210.0,41,17,40
P01520,home,46,216.0,7.0,1158.0,66,47,18
P01521,beauty,40,301.0,3.0,6507.0,46,67,12
P01522,food,52,,5.0,2132.0,79,13,23
P01523,automotive,57,1663.0,7.0,1791.0,55,34,41
P01524,electronics,33,1045.0,5.0,10715.0,72,75,15
P01525,beauty,53,750.0,2.0,2771.0,65,36,31
P01526,sports,57,266.0,2.0,5093.0,83,17,64
P01527,electronics,49,1363.0,4.0,9966.0,23,77,6
P01528,fashion,17,1101.0,7.0,7620.0,99,15,28
P01529,toys,21,1619.0,5.0,7755.0,77,23,76
P01530,sports,11,757.0,5.0,6684.0,27,39,29
P01531,beauty,26,1607.0,6.0,9183.0,12,33,58
P01532,books,19,1911.0,1.0,9826.0,12,36,50
P01533,food,44,364.0,1.0,2027.0,72,62,63
P01534,automotive,64,1541.0,5.0,14450.0,48,46,59
P01535,food,13,1241.0,5.0,12230.0,26,40,49
P01536,fashion,27,845.0,2.0,6419.0,38,57,77
P01537,home,12,,5.0,5652.0,50,50,25
P01538,electronics,15,351.0,2.0,10914.0,13,52,25
P01539,home,12,268.0,2.0,9234.0,60,40,48
P01540,fashion,46,568.0,7.0,12062.0,13,46,58
P01541,beauty,65,1051.0,1.0,7038.0,68,26,56
P01542,sports,53,1099.0,4.0,6674.0,15,36,76
P01543,food,51,1975.0,6.0,7078.0,81,17,49
P01544,electronics,19,1495.0,5.0,4504.0,32,11,62
P01545,electronics,60,1964.0,4.0,11700.0,56,68,14
P01546,sports,44,1519.0,3.0,11964.0,44,65,7
P01547,automotive,67,1168.0,1.0,1744.0,89,25,66
P01548,garden,33,1642.0,1.0,1492.0,81,39,38
P01549,beauty,52,1555.0,5.0,1214.0,95,79,27
P01550,beauty,38,1625.0,4.0,5006.0,74,44,61
P01551,fashion,40,536.0,3.0,1605.0,97,5,34
P01552,garden,16,1462.0,3.0,8587.0,30,48,7
P01553,home,38,487.0,1.0,14929.0,38,71,46
P01554,garden,20,669.0,1.0,10602.0,82,22,14
P01555,garden,54,1427.0,3.0,13914.0,12,76,78
P01556,beauty,52,1035.0,7.0,2314.0,26,62,29
P01557,toys,62,1582.0,3.0,10538.0,74,9,28
P01558,toys,37,1455.0,1.0,10955.0,45,79,68
P01559,electronics,59,1496.0,5.0,6768.0,32,52,8
P01560,books,63,338.0,1.0,11209.0,37,21,55
P01561,beauty,39,253.0,3.0,1367.0,79,63,77
P01562,electronics,66,534.0,,9271.0,53,66,7
P01563,books,56,744.0,1.0,12331.0,10,51,76
P01564,automotive,27,1648.0,7.0,5958.0,56,77,51
P01565,fashion,38,136.0,5.0,2922.0,79,71,19
P01566,electronics,16,1103.0,7.0,252.0,24,28,68
P01567,garden,33,1583.0,6.0,4165.0,16,14,67
P01568,electronics,31,758.0,7.0,12336.0,66,65,78
P01569,sports,27,657.0,4.0,12627.0,89,76,73
P01570,fashion,31,448.0,1.0,9291.0,16,27,50
P01571,food,13,887.0,1.0,3934.0,68,46,5
P01572,automotive,37,1250.0,2.0,3972.0,80,43,61
P01573,home,22,1178.0,1.0,12684.0,24,30,61
P01574,books,23,1708.0,6.0,8795.0,33,45,62
P01575,garden,53,51.0,7.0,11810.0,55,44,18
P01576,beauty,63,620.0,5.0,5618.0,64,78,60
P01577,food,20,740.0,2.0,12575.0,55,30,67
P01578,fashion,43,813.0,7.0,7114.0,26,16,10
P01579,toys,64,1468.0,3.0,10146.0,89,39,6
P01580,toys,46,246.0,7.0,12783.0,47,15,11
P01581,food,14,607.0,5.0,5346.0,57,16,56
P01582,toys,56,156.0,4.0,11839.0,58,52,27
P01583,books,13,1162.0,6.0,9832.0,59,68,66
P01584,fashion,47,1930.0,,7509.0,36,13,76
P01585,toys,38,1955.0,7.0,12453.0,38,34,7
P01586,fashion,41,143.0,5.0,6654.0,22,18,60
P01587,electronics,23,280.0,3.0,11266.0,75,40,61
P01588,food,63,1163.0,1.0,1237.0,38,49,10
P01589,beauty,16,573.0,7.0,12944.0,14,73,13
P01590,toys,66,500.0,6.0,14471.0,14,72,65
P01591,fashion,13,1383.0,,14754.0,97,73,10
P01592,home,28,649.0,5.0,12679.0,48,36,19
P01593,garden,41,1216.0,6.0,10383.0,64,64,74
P01594,electronics,40,125.0,5.0,11143.0,58,26,59
P01595,food,25,1957.0,2.0,13929.0,86,7,74
P01596,food,27,214.0,1.0,10979.0,89,74,25
P01597,fashion,43,117.0,7.0,4149.0,80,72,60
P01598,food,11,864.0,3.0,2478.0,98,18,50
P01599,garden,18,1762.0,,,29,19,71
P01600,garden,33,1294.0,4.0,2172.0,50,73,21
P01601,automotive,11,1002.0,6.0,13663.0,36,37,6
P01602,food,15,589.0,2.0,14045.0,84,64,34
P01603,automotive,11,492.0,5.0,714.0,35,72,43
P01604,garden,59,1323.0,,12128.0,81,45,48
P01605,home,16,1031.0,2.0,8897.0,30,12,70
P01606,books,21,1245.0,5.0,5904.0,72,50,56
P01607,books,57,853.0,4.0,7594.0,11,14,71
P01608,food,35,636.0,5.0,6484.0,80,56,59
P01609,books,36,399.0,1.0,12252.0,84,48,32
P01610,books,49,619.0,1.0,6232.0,60,37,66
P01611,automotive,47,477.0,5.0,1982.0,58,40,29
P01612,toys,34,1001.0,7.0,6013.0,51,77,65
P01613,fashion,62,611.0,1.0,7961.0,63,34,57
P01614,food,23,1601.0,1.0,6810.0,60,68,21
P01615,garden,22,1126.0,2.0,7568.0,54,65,9
P01616,automotive,40,646.0,1.0,14807.0,56,79,71
P01617,food,62,212.0,2.0,5993.0,21,72,63
P01618,electronics,63,287.0,5.0,12287.0,51,51,8
P01619,fashion,54,,6.0,14883.0,49,79,23
P01620,electronics,10,677.0,5.0,,90,57,41
P01621,automotive,53,696.0,3.0,8139.0,36,14,44
P01622,home,19,145.0,2.0,14842.0,97,12,33
P01623,fashion,62,1429.0,4.0,6257.0,90,55,19
P01624,automotive,16,1081.0,7.0,4262.0,80,44,55
P01625,toys,17,1957.0,2.0,12860.0,73,70,60
P01626,electronics,40,1780.0,4.0,13790.0,38,45,53
P01627,books,42,73.0,3.0,2171.0,24,23,76
P01628,automotive,30,1414.0,3.0,4859.0,81,69,34
P01629,food,39,1946.0,4.0,4384.0,73,41,45
P01630,garden,52,1612.0,2.0,12316.0,84,76,28
P01631,garden,49,1387.0,2.0,4255.0,59,5,76
P01632,sports,52,321.0,1.0,9982.0,90,6,36
P01633,automotive,24,1806.0,5.0,14012.0,17,15,35
P01634,home,43,1652.0,7.0,13657.0,19,76,60
P01635,sports,17,,4.0,13216.0,16,14,26
P01636,beauty,24,1846.0,5.0,7986.0,38,58,32
P01637,books,68,952.0,,9139.0,23,58,67
P01638,garden,12,1089.0,6.0,10908.0,13,70,6
P01639,garden,37,1581.0,2.0,4862.0,82,51,7
P01640,garden,39,1454.0,6.0,7566.0,24,6,69
P01641,food,23,1124.0,3.0,7074.0,84,7,26
P01642,electronics,13,1577.0,7.0,12028.0,67,6,63
P01643,food,17,1799.0,7.0,8610.0,64,49,56
P01644,garden,53,1315.0,1.0,6736.0,20,37,19
P01645,automotive,45,1791.0,7.0,8147.0,11,10,19
P01646,electronics,43,851.0,2.0,2664.0,22,6,78
P01647,automotive,18,1084.0,4.0,3913.0,38,20,71
P01648,toys,42,1314.0,6.0,12029.0,96,40,24
P01649,electronics,20,1168.0,1.0,2044.0,46,72,41
P01650,beauty,28,398.0,1.0,10271.0,30,67,69
P01651,automotive,67,939.0,,13623.0,35,38,23
P01652,home,36,312.0,5.0,10286.0,40,26,54
P01653,sports,11,1394.0,5.0,9648.0,62,63,32
P01654,toys,45,1607.0,7.0,10789.0,82,75,71
P01655,garden,21,1380.0,2.0,2261.0,15,28,26
P01656,beauty,10,,5.0,2141.0,79,42,37
P01657,electronics,50,1318.0,2.0,14848.0,11,13,57
P01658,garden,48,789.0,4.0,6458.0,38,14,55
P01659,food,23,,4.0,6228.0,62,71,13
P01660,garden,54,114.0,4.0,2459.0,19,21,11
P01661,books,20,1928.0,2.0,11021.0,33,17,69
P01662,automotive,40,1569.0,2.0,606.0,67,28,62
P01663,home,43,704.0,7.0,2733.0,71,31,16
P01664,toys,16,1913.0,7.0,3445.0,17,20,53
P01665,toys,51,530.0,1.0,13998.0,79,57,26
P01666,toys,40,1555.0,2.0,14256.0,46,48,35
P01667,toys,35,461.0,7.0,1280.0,64,49,52
P01668,garden,54,1434.0,1.0,2177.0,29,78,52
P01669,automotive,56,185.0,4.0,,99,74,31
P01670,electronics,39,1381.0,3.0,9551.0,78,26,67
P01671,automotive,58,,7.0,10934.0,67,79,43
P01672,automotive,13,1185.0,6.0,8556.0,26,55,65
P01673,fashion,47,131.0,6.0,3485.0,79,15,47
P01674,toys,26,770.0,1.0,10982.0,43,28,31
P01675,electronics,44,363.0,2.0,2795.0,67,21,24
P01676,beauty,47,1252.0,6.0,534.0,68,64,5
P01677,garden,58,60.0,2.0,12572.0,82,52,45
P01678,electronics,43,1814.0,4.0,5760.0,85,63,46
P01679,food,10,390.0,1.0,694.0,45,16,75
P01680,beauty,68,1067.0,1.0,6572.0,17,43,24
P01681,automotive,40,1990.0,6.0,1802.0,49,45,5
P01682,beauty,17,849.0,2.0,7117.0,46,56,72
P01683,electronics,17,1105.0,2.0,10125.0,40,32,49
P01684,toys,11,1921.0,6.0,5138.0,53,9,8
P01685,automotive,23,180.0,6.0,1252.0,61,71,29
P01686,electronics,26,1146.0,2.0,13365.0,66,36,77
P01687,beauty,66,1150.0,7.0,8164.0,43,73,69
P01688,sports,58,1461.0,7.0,444.0,65,36,46
P01689,food,10,1221.0,3.0,8653.0,98,24,12
P01690,sports,30,986.0,4.0,13864.0,68,39,53
P01691,electronics,28,,5.0,366.0,64,12,9
P01692,food,37,605.0,2.0,11821.0,35,46,34
P01693,electronics,19,705.0,7.0,5719.0,40,79,35
P01694,books,26,1902.0,1.0,10642.0,14,24,63
P01695,home,44,1331.0,6.0,525.0,55,16,55
P01696,beauty,41,1380.0,5.0,13613.0,16,15,40
P01697,automotive,60,328.0,1.0,14506.0,80,18,5
P01698,home,65,803.0,4.0,8293.0,96,34,6
P01699,toys,33,478.0,3.0,3308.0,82,23,65
P01700,fashion,58,1899.0,7.0,2352.0,24,58,53
P01701,automotive,60,1989.0,4.0,10376.0,67,30,30
P01702,home,30,703.0,3.0,11922.0,48,32,61
P01703,sports,36,860.0,2.0,10139.0,10,16,74
P01704,electronics,47,1385.0,1.0,7451.0,74,47,5
P01705,garden,64,338.0,4.0,11606.0,88,29,72
P01706,food,56,1144.0,4.0,11087.0,51,57,23
P01707,books,60,473.0,7.0,5096.0,91,6,62
P01708,fashion,57,1078.0,5.0,11674.0,14,53,49
P01709,home,20,1462.0,4.0,2847.0,88,65,60
P01710,garden,22,1491.0,3.0,,71,58,13
P01711,automotive,63,276.0,2.0,8004.0,70,24,50
P01712,home,36,614.0,5.0,11232.0,55,57,77
P01713,fashion,21,740.0,2.0,10445.0,12,66,64
P01714,home,27,1464.0,1.0,1529.0,50,44,64
P01715,fashion,39,690.0,7.0,11353.0,95,53,18
P01716,toys,43,953.0,1.0,11780.0,51,66,25
P01717,sports,21,494.0,2.0,828.0,16,41,66
P01718,books,25,722.0,4.0,3466.0,54,16,35
P01719,automotive,33,979.0,2.0,11314.0,23,77,47
P01720,home,22,460.0,5.0,5477.0,47,29,17
P01721,electronics,69,264.0,4.0,1775.0,66,34,63
P01722,books,11,327.0,1.0,12832.0,16,50,38
P01723,books,55,940.0,4.0,7917.0,51,18,42
P01724,beauty,27,369.0,6.0,5973.0,55,30,76
P01725,books,43,113.0,3.0,8375.0,77,48,52
P01726,home,28,1675.0,5.0,6056.0,16,60,38
P01727,automotive,66,1942.0,5.0,1993.0,66,15,30
P01728,automotive,68,1046.0,4.0,8470.0,65,67,50
P01729,beauty,31,1229.0,4.0,14463.0,10,25,36
P01730,toys,11,374.0,4.0,14279.0,20,73,21
P01731,beauty,20,196.0,1.0,9606.0,67,73,32
P01732,sports,52,205.0,4.0,2522.0,87,58,26
P01733,sports,59,421.0,3.0,3435.0,87,71,60
P01734,food,12,267.0,6.0,4800.0,79,16,42
P01735,books,10,1486.0,6.0,858.0,86,39,20
P01736,toys,39,1552.0,5.0,2186.0,64,15,16
P01737,beauty,58,1476.0,3.0,11647.0,24,40,74
P01738,food,56,610.0,5.0,6493.0,57,48,71
P01739,toys,11,,7.0,12635.0,41,47,67
P01740,home,69,749.0,6.0,1018.0,32,10,60
P01741,sports,27,339.0,2.0,1450.0,20,11,69
P01742,fashion,23,972.0,2.0,10377.0,11,79,53
P01743,books,31,1095.0,4.0,3935.0,77,23,73
P01744,garden,55,448.0,5.0,3467.0,25,42,73
P01745,fashion,29,588.0,5.0,9671.0,66,48,37
P01746,fashion,48,967.0,6.0,13706.0,37,16,23
P01747,sports,24,238.0,4.0,6342.0,53,29,71
P01748,garden,17,1198.0,6.0,11462.0,45,50,66
P01749,automotive,16,724.0,1.0,5203.0,36,21,38
P01750,automotive,36,1434.0,,12602.0,53,64,73
P01751,toys,10,1514.0,4.0,6424.0,80,53,12
P01752,toys,43,772.0,4.0,2360.0,55,79,66
P01753,automotive,56,740.0,7.0,7629.0,81,47,8
P01754,beauty,43,1079.0,5.0,4457.0,91,65,12
P01755,fashion,37,129.0,3.0,2851.0,54,29,9
P01756,home,20,425.0,5.0,2839.0,82,57,10
P01757,sports,19,284.0,1.0,5882.0,21,75,19
P01758,beauty,16,603.0,3.0,246.0,60,66,32
P01759,beauty,14,1212.0,1.0,1140.0,51,63,31
P01760,fashion,43,527.0,2.0,8884.0,10,38,36
P01761,books,26,1068.0,3.0,190.0,90,49,78
P01762,books,49,1399.0,1.0,11605.0,76,49,43
P01763,garden,31,1365.0,2.0,14630.0,62,20,23
P01764,sports,29,1085.0,7.0,2837.0,72,24,15
P01765,home,37,1164.0,6.0,916.0,77,53,73
P01766,automotive,31,911.0,4.0,,79,52,25
P01767,beauty,16,1019.0,7.0,747.0,36,56,65
P01768,food,11,1600.0,1.0,4111.0,47,50,64
P01769,toys,68,976.0,7.0,13360.0,40,48,69
P01770,beauty,16,736.0,4.0,12314.0,91,43,15
P01771,fashion,26,1924.0,3.0,14642.0,20,52,63
P01772,food,34,1838.0,6.0,12194.0,91,32,63
P01773,food,36,1731.0,4.0,,40,17,77
P01774,sports,54,1650.0,5.0,8923.0,80,55,58
P01775,electronics,52,796.0,3.0,2179.0,25,30,13
P01776,electronics,46,1921.0,4.0,11554.0,85,61,39
P01777,garden,28,1324.0,1.0,9629.0,58,71,40
P01778,toys,67,1787.0,2.0,14434.0,98,34,40
P01779,automotive,14,89.0,4.0,10484.0,45,15,30
P01780,automotive,28,258.0,7.0,8228.0,99,5,65
P01781,automotive,32,90.0,2.0,11597.0,85,49,26
P01782,fashion,30,1994.0,5.0,9875.0,10,71,38
P01783,sports,43,671.0,1.0,1782.0,44,72,38
P01784,beauty,13,126.0,4.0,9209.0,46,72,53
P01785,sports,60,1521.0,6.0,5922.0,29,6,41
P01786,automotive,19,1593.0,3.0,2524.0,89,9,77
P01787,electronics,32,1854.0,6.0,4213.0,17,77,78
P01788,home,44,1178.0,3.0,12536.0,33,55,39
P01789,automotive,63,1381.0,7.0,9852.0,32,71,24
P01790,toys,43,1254.0,5.0,965.0,47,78,62
P01791,home,42,1427.0,3.0,5219.0,72,58,73
P01792,electronics,24,,2.0,,10,35,71
P01793,beauty,53,112.0,7.0,7681.0,66,58,17
P01794,home,43,376.0,4.0,11664.0,46,51,8
P01795,beauty,11,1863.0,3.0,9433.0,65,70,54
P01796,garden,35,144.0,5.0,653.0,15,69,27
P01797,garden,63,219.0,1.0,13000.0,87,17,27
P01798,beauty,61,1610.0,2.0,8599.0,61,71,7
P01799,beauty,22,1896.0,4.0,13821.0,32,57,77
P01800,garden,54,921.0,3.0,3382.0,81,60,5
P01801,books,29,326.0,4.0,10432.0,52,30,52
P01802,beauty,55,1197.0,3.0,537.0,45,41,74
P01803,automotive,41,115.0,4.0,,25,70,9
P01804,books,29,752.0,6.0,13254.0,54,15,51
P01805,garden,67,1149.0,6.0,13344.0,29,44,74
P01806,garden,24,1766.0,3.0,14318.0,76,77,35
P01807,automotive,30,271.0,3.0,3147.0,43,62,27
P01808,food,65,1233.0,5.0,13391.0,20,16,57
P01809,fashion,23,106.0,7.0,892.0,73,17,74
P01810,fashion,21,957.0,4.0,6069.0,86,42,46
P01811,electronics,67,1352.0,1.0,6615.0,85,23,6
P01812,home,39,120.0,5.0,11908.0,53,71,56
P01813,home,58,1489.0,6.0,10301.0,37,67,21
P01814,food,15,1971.0,7.0,5450.0,29,76,79
P01815,beauty,49,621.0,7.0,2325.0,45,34,25
P01816,toys,16,1526.0,5.0,5542.0,19,26,52
P01817,books,34,1090.0,4.0,4560.0,89,44,56
P01818,automotive,22,1840.0,2.0,10084.0,32,13,38
P01819,sports,35,1192.0,7.0,1292.0,80,59,64
P01820,food,33,1615.0,,6227.0,44,70,72
P01821,fashion,67,363.0,5.0,9311.0,72,17,52
P01822,beauty,49,548.0,6.0,9731.0,91,19,61
P01823,books,14,908.0,1.0,10652.0,46,27,9
P01824,sports,39,1812.0,3.0,4365.0,96,65,23
P01825,automotive,55,1292.0,5.0,7843.0,40,29,37
P01826,sports,39,463.0,4.0,1567.0,32,59,14
P01827,electronics,46,1777.0,5.0,6722.0,75,73,42
P01828,automotive,40,1256.0,4.0,14732.0,22,37,10
P01829,food,68,866.0,1.0,12730.0,18,15,31
P01830,beauty,49,799.0,,9376.0,43,73,9
P01831,garden,43,1413.0,3.0,6345.0,58,32,36
P01832,electronics,66,1768.0,3.0,13521.0,52,49,35
P01833,sports,26,1028.0,1.0,6682.0,15,76,41
P01834,electronics,55,1695.0,1.0,11474.0,59,72,79
P01835,sports,56,1428.0,3.0,8702.0,66,67,46
P01836,toys,32,194.0,6.0,418.0,35,31,16
P01837,food,69,1588.0,7.0,10587.0,61,55,52
P01838,garden,27,1142.0,6.0,13411.0,41,30,78
P01839,food,64,1084.0,7.0,11677.0,15,46,20
P01840,toys,11,1245.0,7.0,9259.0,76,30,11
P01841,sports,27,169.0,5.0,708.0,47,67,72
P01842,food,28,1819.0,1.0,445.0,98,61,17
P01843,electronics,30,1757.0,3.0,12782.0,27,75,67
P01844,garden,36,1996.0,6.0,7176.0,10,24,37
P01845,food,55,1221.0,3.0,6824.0,81,74,63
P01846,electronics,35,517.0,2.0,9649.0,87,23,58
P01847,toys,45,1221.0,1.0,13597.0,92,52,65
P01848,garden,16,599.0,3.0,6607.0,99,18,62
P01849,toys,10,1043.0,3.0,8091.0,38,59,44
P01850,food,33,,6.0,8425.0,71,63,23
P01851,beauty,18,,6.0,7189.0,12,63,76
P01852,toys,16,936.0,1.0,9882.0,47,25,19
P01853,garden,15,998.0,4.0,3011.0,90,65,32
P01854,electronics,26,1862.0,7.0,5659.0,67,16,26
P01855,fashion,20,1096.0,4.0,7097.0,86,59,36
P01856,food,18,714.0,7.0,7838.0,95,40,23
P01857,books,28,798.0,1.0,7444.0,81,18,66
P01858,garden,25,641.0,3.0,6335.0,71,78,37
P01859,automotive,68,340.0,7.0,13427.0,42,61,70
P01860,beauty,48,1435.0,6.0,12031.0,57,15,7
P01861,sports,50,1536.0,2.0,13317.0,17,34,38
P01862,books,51,437.0,7.0,8961.0,61,60,48
P01863,books,13,940.0,3.0,7347.0,97,19,68
P01864,fashion,39,1518.0,6.0,6520.0,23,40,59
P01865,toys,46,1416.0,3.0,,54,12,52
P01866,books,66,205.0,3.0,10020.0,90,6,68
P01867,toys,36,141.0,3.0,12830.0,42,23,34
P01868,toys,26,188.0,3.0,12764.0,63,58,76
P01869,food,55,1033.0,5.0,14230.0,79,43,72
P01870,garden,21,1832.0,6.0,8224.0,80,28,73
P01871,fashion,63,193.0,5.0,5487.0,70,23,42
P01872,home,31,1417.0,1.0,13638.0,15,65,11
P01873,sports,13,1480.0,,3262.0,13,54,68
P01874,sports,31,1929.0,4.0,4912.0,77,69,36
P01875,beauty,68,1182.0,1.0,14164.0,96,77,65
P01876,food,35,1912.0,3.0,10738.0,34,52,9
P01877,fashion,13,930.0,7.0,,60,8,12
P01878,food,32,567.0,3.0,8002.0,16,75,31
P01879,home,53,1947.0,5.0,7053.0,26,14,70
P01880,automotive,13,1066.0,2.0,13455.0,53,58,7
P01881,fashion,64,685.0,7.0,6230.0,11,23,17
P01882,automotive,55,1304.0,6.0,7243.0,62,62,42
P01883,sports,55,874.0,2.0,1362.0,59,65,66
P01884,fashion,55,1507.0,5.0,1807.0,18,64,16
P01885,sports,19,1488.0,7.0,3141.0,63,25,61
P01886,toys,58,86.0,7.0,4564.0,50,53,41
P01887,home,22,1073.0,6.0,4444.0,18,19,60
P01888,toys,19,1716.0,6.0,10035.0,29,71,58
P01889,books,12,1334.0,4.0,8314.0,59,16,74
P01890,automotive,18,1454.0,2.0,162.0,82,68,9
P01891,electronics,17,1953.0,1.0,7799.0,48,16,50
P01892,home,63,720.0,3.0,1323.0,66,26,39
P01893,toys,13,1406.0,2.0,8188.0,49,58,30
P01894,sports,48,107.0,7.0,847.0,87,76,60
P01895,beauty,13,343.0,6.0,1239.0,97,58,49
P01896,food,67,1410.0,3.0,12409.0,48,30,38
P01897,food,43,458.0,3.0,245.0,36,28,57
P01898,electronics,40,1584.0,6.0,14590.0,61,52,48
P01899,fashion,14,1746.0,5.0,7000.0,89,38,32
P01900,toys,62,1793.0,7.0,12410.0,63,20,30
P01901,automotive,35,143.0,6.0,2982.0,41,52,24
P01902,beauty,18,684.0,5.0,7055.0,79,37,27
P01903,garden,52,1042.0,6.0,13386.0,26,78,41
P01904,toys,66,81.0,7.0,1248.0,34,7,18
P01905,garden,10,1816.0,3.0,6520.0,23,60,72
P01906,toys,22,1932.0,2.0,1930.0,92,64,48
P01907,garden,48,1563.0,7.0,5344.0,94,65,52
P01908,electronics,13,591.0,2.0,14562.0,96,57,48
P01909,beauty,55,275.0,3.0,8205.0,12,78,72
P01910,fashion,46,1661.0,1.0,5074.0,90,28,66
P01911,sports,42,1493.0,6.0,9466.0,29,33,40
P01912,home,29,1894.0,7.0,4295.0,95,75,30
P01913,automotive,38,795.0,3.0,1321.0,40,10,76
P01914,food,14,378.0,1.0,8522.0,37,66,49
P01915,fashion,53,1807.0,2.0,11145.0,69,61,64
P01916,toys,46,260.0,5.0,2763.0,81,49,15
P01917,toys,41,1166.0,3.0,2149.0,43,14,31
P01918,books,57,969.0,6.0,9008.0,84,50,24
P01919,toys,40,,6.0,5862.0,11,37,38
P01920,garden,34,834.0,4.0,14040.0,90,11,42
P01921,home,58,66.0,5.0,5417.0,56,60,79
P01922,beauty,66,1262.0,1.0,5945.0,58,65,12
P01923,home,60,,1.0,8580.0,89,46,76
P01924,automotive,40,278.0,3.0,14672.0,14,17,65
P01925,toys,32,854.0,1.0,10373.0,89,32,35
P01926,toys,17,616.0,1.0,10027.0,28,45,26
P01927,toys,34,1461.0,5.0,12032.0,99,43,67
P01928,fashion,59,756.0,1.0,12257.0,74,49,15
P01929,garden,58,1064.0,2.0,7954.0,40,23,73
P01930,home,17,996.0,6.0,4368.0,15,64,75
P01931,toys,42,1712.0,2.0,2415.0,21,10,23
P01932,garden,50,250.0,2.0,8551.0,20,78,47
P01933,beauty,51,116.0,6.0,10469.0,16,35,43
P01934,automotive,62,1740.0,1.0,5558.0,65,67,62
P01935,electronics,14,679.0,3.0,7234.0,88,9,61
P01936,home,37,1449.0,4.0,6736.0,81,55,79
P01937,sports,15,1215.0,,,77,78,10
P01938,food,53,1538.0,5.0,12299.0,98,77,66
P01939,sports,41,1334.0,3.0,6711.0,66,38,65
P01940,books,35,526.0,3.0,7837.0,18,33,60
P01941,automotive,59,1029.0,4.0,6302.0,54,71,20
P01942,automotive,60,647.0,1.0,4597.0,78,52,60
P01943,toys,28,827.0,5.0,10550.0,51,76,40
P01944,electronics,58,1112.0,4.0,9290.0,37,22,25
P01945,garden,67,189.0,1.0,7909.0,54,38,33
P01946,beauty,13,110.0,6.0,4492.0,80,28,36
P01947,fashion,55,1407.0,4.0,13030.0,42,36,60
P01948,automotive,16,222.0,1.0,12090.0,41,70,20
P01949,beauty,56,1812.0,3.0,11177.0,52,72,22
P01950,toys,50,1302.0,6.0,12251.0,47,49,32
P01951,fashion,60,1627.0,4.0,7197.0,28,7,39
P01952,home,44,969.0,3.0,9457.0,35,38,75
P01953,beauty,25,1417.0,1.0,3291.0,20,41,24
P01954,automotive,51,412.0,1.0,11766.0,77,58,72
P01955,electronics,29,1286.0,3.0,361.0,29,25,9
P01956,sports,11,655.0,2.0,7677.0,98,48,43
P01957,books,17,1555.0,5.0,3160.0,97,61,68
P01958,sports,62,765.0,4.0,8974.0,70,47,28
P01959,books,32,1564.0,1.0,4290.0,99,67,21
P01960,food,18,1793.0,5.0,14468.0,87,23,50
P01961,electronics,12,63.0,7.0,1859.0,77,51,22
P01962,food,12,171.0,7.0,12353.0,42,39,6
P01963,automotive,55,747.0,7.0,,85,35,8
P01964,food,17,1116.0,4.0,,40,36,40
P01965,toys,58,1742.0,3.0,4958.0,19,46,42
P01966,food,43,906.0,1.0,10605.0,60,43,6
P01967,electronics,22,1709.0,5.0,550.0,21,48,25
P01968,automotive,64,1472.0,4.0,10186.0,18,77,61
P01969,automotive,39,1434.0,5.0,6609.0,18,52,47
P01970,food,33,1824.0,3.0,10923.0,92,46,50
P01971,electronics,50,652.0,2.0,11786.0,15,74,59
P01972,fashion,49,1355.0,5.0,7349.0,45,22,72
P01973,fashion,54,1605.0,3.0,5162.0,77,23,8
P01974,electronics,46,1938.0,4.0,10723.0,82,13,41
P01975,toys,68,501.0,7.0,13544.0,15,20,20
P01976,books,34,1584.0,2.0,5454.0,90,10,55
P01977,books,22,486.0,1.0,12806.0,95,19,34
P01978,toys,17,1926.0,5.0,6711.0,97,54,16
P01979,automotive,24,1094.0,5.0,,68,57,70
P01980,toys,56,1756.0,3.0,9769.0,56,53,43
P01981,sports,61,1164.0,,10050.0,25,72,13
P01982,food,27,197.0,7.0,10354.0,21,69,21
P01983,beauty,15,735.0,2.0,12118.0,83,29,60
P01984,sports,53,1237.0,6.0,12932.0,86,19,40
P01985,books,57,1227.0,4.0,5895.0,84,36,76
P01986,sports,13,1122.0,6.0,11213.0,65,74,8
P01987,sports,18,1432.0,7.0,10428.0,60,77,10
P01988,food,30,1175.0,2.0,8914.0,27,20,56
P01989,home,37,401.0,1.0,3436.0,18,15,29
P01990,fashion,16,202.0,1.0,7035.0,28,60,70
P01991,books,45,612.0,2.0,3150.0,46,70,62
P01992,electronics,39,318.0,3.0,2135.0,37,76,6
P01993,beauty,56,1414.0,2.0,14159.0,59,76,75
P01994,beauty,67,1955.0,6.0,10886.0,80,26,76
P01995,books,16,1858.0,6.0,8277.0,76,64,23
P01996,books,37,1154.0,3.0,6683.0,84,55,50
P01997,fashion,59,1774.0,5.0,1167.0,36,30,53
P01998,sports,10,1332.0,3.0,5331.0,94,6,7
P01999,automotive,61,302.0,4.0,3039.0,88,54,59
P02000,sports,33,,3.0,8119.0,41,32,77
P02001,garden,57,1160.0,6.0,6973.0,32,26,35
P02002,food,46,1122.0,2.0,14454.0,89,5,78
P02003,toys,66,1610.0,7.0,12703.0,99,14,55
P02004,home,19,1973.0,7.0,9054.0,51,19,60
P02005,garden,62,512.0,2.0,13449.0,20,13,46
P02006,garden,43,83.0,4.0,5008.0,64,76,56
P02007,fashion,56,1304.0,6.0,1790.0,84,5,75
P02008,sports,56,265.0,6.0,8452.0,52,34,49
P02009,automotive,44,883.0,3.0,1024.0,21,78,45
P02010,toys,37,1868.0,4.0,14149.0,76,13,17
P02011,automotive,58,1342.0,2.0,1913.0,78,54,43
P02012,toys,40,1878.0,2.0,12859.0,88,23,69
P02013,garden,68,112.0,2.0,10103.0,87,29,55
P02014,food,50,1427.0,2.0,3776.0,53,38,58
P02015,automotive,48,660.0,3.0,8039.0,38,48,16
P02016,sports,44,195.0,5.0,8204.0,24,62,68
P02017,food,24,649.0,7.0,11094.0,19,51,44
P02018,garden,54,1870.0,5.0,6460.0,84,6,39
P02019,books,24,866.0,4.0,8941.0,99,18,8
P02020,electronics,46,1839.0,5.0,6292.0,67,52,71
P02021,food,57,273.0,5.0,1528.0,97,26,52
P02022,fashion,37,1329.0,4.0,10690.0,37,9,28
P02023,books,69,901.0,1.0,3938.0,78,46,45
P02024,toys,19,633.0,4.0,4255.0,45,28,73
P02025,electronics,22,1105.0,1.0,,44,67,67
P02026,garden,28,1247.0,5.0,8541.0,67,71,27
P02027,home,68,101.0,7.0,10644.0,22,14,64
P02028,beauty,42,1324.0,6.0,12238.0,47,63,5
P02029,fashion,26,636.0,6.0,8993.0,47,69,37
P02030,toys,67,1617.0,4.0,6027.0,48,53,46
P02031,electronics,34,395.0,4.0,14207.0,74,50,54
P02032,fashion,25,607.0,4.0,7177.0,35,39,5
P02033,home,64,1945.0,2.0,2268.0,23,41,27
P02034,food,19,,7.0,12044.0,64,10,24
P02035,sports,67,303.0,1.0,14085.0,11,15,34
P02036,books,12,1123.0,7.0,4431.0,98,56,56
P02037,toys,44,1273.0,7.0,3380.0,91,46,10
P02038,home,44,1155.0,7.0,5345.0,44,18,61
P02039,home,67,833.0,1.0,5217.0,72,31,12
P02040,food,65,259.0,7.0,2967.0,56,53,43
P02041,fashion,60,610.0,2.0,615.0,72,19,66
P02042,beauty,64,159.0,2.0,2895.0,29,20,70
P02043,toys,61,1715.0,5.0,4518.0,95,70,77
P02044,garden,40,556.0,3.0,2907.0,89,39,37
P02045,automotive,62,1344.0,7.0,3075.0,56,39,41
P02046,books,56,557.0,4.0,14155.0,88,10,72
P02047,toys,33,1259.0,1.0,3337.0,38,10,14
P02048,garden,62,228.0,2.0,12341.0,80,53,73
P02049,beauty,11,232.0,6.0,8625.0,91,27,11
P02050,automotive,16,666.0,5.0,6598.0,72,25,11
P02051,food,19,554.0,,11733.0,98,18,8
P02052,sports,42,678.0,2.0,352.0,29,61,22
P02053,garden,14,589.0,5.0,11199.0,11,75,70
P02054,electronics,23,1403.0,2.0,6299.0,57,24,20
P02055,sports,24,897.0,1.0,12454.0,39,23,38
P02056,beauty,24,350.0,4.0,14438.0,67,63,65
P02057,electronics,13,1846.0,7.0,10996.0,42,42,71
P02058,toys,23,1288.0,3.0,1805.0,88,64,37
P02059,fashion,26,837.0,5.0,14649.0,20,60,32
P02060,sports,55,1043.0,4.0,11422.0,96,64,39
P02061,garden,45,689.0,7.0,375.0,29,16,49
P02062,beauty,28,816.0,5.0,2935.0,39,45,29
P02063,garden,18,188.0,4.0,14819.0,12,37,55
P02064,toys,40,1670.0,2.0,12565.0,71,70,65
P02065,garden,28,800.0,7.0,6206.0,72,53,8
P02066,electronics,51,1407.0,1.0,14351.0,93,60,66
P02067,food,23,152.0,4.0,7219.0,19,71,56
P02068,electronics,69,228.0,2.0,13023.0,53,56,9
P02069,automotive,15,762.0,4.0,,89,54,64
P02070,automotive,60,124.0,,9936.0,12,44,42
P02071,home,50,1937.0,1.0,226.0,62,11,6
P02072,electronics,50,126.0,1.0,14555.0,30,59,11
P02073,electronics,63,1134.0,6.0,2807.0,42,29,9
P02074,home,37,734.0,5.0,3277.0,78,14,35
P02075,home,52,,3.0,6744.0,82,31,44
P02076,food,41,324.0,2.0,11352.0,10,31,23
P02077,beauty,51,633.0,5.0,11565.0,68,34,77
P02078,garden,43,149.0,2.0,9436.0,45,26,7
P02079,electronics,68,1163.0,5.0,13064.0,77,75,77
P02080,toys,29,507.0,3.0,10434.0,85,71,16
P02081,books,53,87.0,6.0,2301.0,88,7,13
P02082,fashion,19,274.0,,11775.0,19,42,41
P02083,automotive,12,1804.0,5.0,4018.0,82,27,62
P02084,beauty,52,517.0,1.0,7842.0,96,68,54
P02085,electronics,23,1177.0,5.0,9149.0,80,41,64
P02086,beauty,10,848.0,5.0,5942.0,43,52,38
P02087,garden,48,1009.0,4.0,5478.0,75,11,70
P02088,fashion,46,1715.0,5.0,4092.0,16,58,62
P02089,food,48,1446.0,5.0,4538.0,43,41,8
P02090,garden,37,1124.0,2.0,14792.0,84,70,42
P02091,home,59,440.0,4.0,5811.0,68,13,77
P02092,electronics,10,1707.0,1.0,7145.0,33,27,59
P02093,electronics,19,92.0,6.0,10553.0,60,67,66
P02094,home,32,,2.0,3805.0,10,22,58
P02095,books,68,1249.0,6.0,3059.0,96,25,50
P02096,electronics,53,1894.0,5.0,3230.0,59,27,30
P02097,garden,40,362.0,4.0,1022.0,55,44,10
P02098,books,66,613.0,4.0,6824.0,40,9,27
P02099,automotive,65,73.0,2.0,151.0,29,51,23
P02100,garden,16,531.0,5.0,5741.0,39,65,59
P02101,electronics,41,1861.0,3.0,7947.0,51,27,30
P02102,books,67,66.0,6.0,3945.0,48,17,31
P02103,toys,21,1587.0,6.0,3825.0,47,31,69
P02104,food,19,1873.0,7.0,9049.0,55,53,19
P02105,garden,31,272.0,7.0,8468.0,52,43,62
P02106,beauty,68,753.0,6.0,11852.0,37,50,31
P02107,beauty,23,1797.0,2.0,13226.0,62,65,75
P02108,automotive,48,1454.0,2.0,3799.0,32,76,76
P02109,toys,25,181.0,7.0,4475.0,95,38,36
P02110,beauty,54,1738.0,7.0,7914.0,70,62,63
P02111,books,63,1615.0,2.0,2835.0,35,41,73
P02112,food,12,,5.0,10949.0,72,15,50
P02113,beauty,32,858.0,7.0,123.0,97,49,72
P02114,sports,44,644.0,6.0,5575.0,78,76,56
P02115,food,20,1060.0,7.0,14722.0,80,36,6
P02116,toys,48,1570.0,3.0,11035.0,29,45,50
P02117,beauty,31,1353.0,4.0,7800.0,26,59,22
P02118,beauty,12,1938.0,5.0,155.0,60,67,49
P02119,garden,47,242.0,7.0,12051.0,35,5,64
P02120,beauty,12,1851.0,7.0,6742.0,20,9,19
P02121,automotive,22,1820.0,4.0,12885.0,91,41,54
P02122,books,19,795.0,6.0,11777.0,41,13,45
P02123,beauty,13,330.0,3.0,14928.0,82,74,21
P02124,sports,34,490.0,5.0,1856.0,75,57,61
P02125,automotive,62,1886.0,6.0,12908.0,22,51,63
P02126,garden,28,68.0,7.0,10703.0,26,48,5
P02127,electronics,24,228.0,1.0,4481.0,62,41,28
P02128,food,58,191.0,1.0,12683.0,66,8,10
P02129,beauty,66,385.0,2.0,8509.0,34,62,50
P02130,toys,28,,1.0,9931.0,23,40,71
P02131,beauty,12,162.0,2.0,14444.0,66,34,75
P02132,beauty,55,1931.0,7.0,8635.0,31,37,34
P02133,garden,49,825.0,5.0,9537.0,25,40,22
P02134,automotive,69,1086.0,1.0,12995.0,44,75,28
P02135,food,49,1202.0,5.0,11559.0,41,19,9
P02136,electronics,65,1631.0,7.0,9651.0,46,18,31
P02137,beauty,19,1268.0,6.0,13609.0,44,14,54
P02138,electronics,19,168.0,6.0,13665.0,60,51,6
P02139,books,49,1665.0,7.0,9243.0,58,6,59
P02140,books,54,221.0,6.0,1566.0,13,64,68
P02141,food,33,1080.0,7.0,10417.0,31,59,28
P02142,beauty,35,1739.0,6.0,5056.0,55,58,62
P02143,toys,32,1044.0,5.0,8865.0,75,40,40
P02144,food,12,867.0,2.0,5718.0,12,35,79
P02145,electronics,62,685.0,7.0,5145.0,82,75,42
P02146,books,64,1581.0,1.0,14623.0,18,67,49
P02147,sports,67,1319.0,2.0,3807.0,67,18,66
P02148,electronics,40,1631.0,6.0,2491.0,29,24,25
P02149,books,20,1821.0,6.0,9539.0,91,23,56
P02150,beauty,34,1204.0,7.0,9701.0,72,40,68
P02151,sports,51,742.0,1.0,14718.0,81,52,25
P02152,beauty,20,1207.0,6.0,956.0,83,21,65
P02153,fashion,19,744.0,1.0,13750.0,13,9,25
P02154,sports,69,450.0,5.0,12610.0,86,33,50
P02155,automotive,12,719.0,2.0,3226.0,17,42,29
P02156,sports,45,984.0,4.0,12298.0,58,55,52
P02157,toys,18,493.0,1.0,12657.0,69,14,15
P02158,fashion,11,664.0,1.0,1812.0,90,56,65
P02159,sports,48,1155.0,7.0,414.0,74,17,15
P02160,garden,21,313.0,4.0,9945.0,74,26,30
P02161,automotive,53,255.0,4.0,8882.0,97,43,66
P02162,fashion,59,1559.0,3.0,12961.0,11,12,12
P02163,fashion,40,1677.0,7.0,13962.0,10,47,67
P02164,automotive,20,661.0,6.0,1649.0,27,7,35
P02165,automotive,67,318.0,4.0,14394.0,31,20,24
P02166,automotive,32,949.0,1.0,12812.0,54,47,67
P02167,home,55,389.0,5.0,,84,25,68
P02168,beauty,21,1760.0,2.0,5479.0,45,37,69
P02169,books,19,183.0,3.0,9499.0,90,26,47
P02170,fashion,50,1031.0,5.0,8513.0,67,42,19
P02171,sports,22,793.0,7.0,5909.0,51,15,58
P02172,garden,41,959.0,2.0,1265.0,81,16,57
P02173,sports,45,1527.0,1.0,10882.0,53,77,71
P02174,fashion,17,560.0,3.0,4653.0,13,29,60
P02175,toys,29,1824.0,5.0,3761.0,86,56,28
P02176,sports,21,1957.0,5.0,5689.0,21,5,38
P02177,fashion,10,896.0,7.0,604.0,51,13,54
P02178,automotive,66,802.0,2.0,5935.0,24,64,63
P02179,sports,11,508.0,6.0,12546.0,80,31,28
P02180,food,59,1636.0,6.0,10996.0,67,27,24
P02181,fashion,34,1465.0,6.0,999.0,95,17,72
P02182,automotive,26,927.0,7.0,5018.0,87,24,79
P02183,automotive,41,1391.0,3.0,10004.0,33,22,27
P02184,garden,64,767.0,3.0,13973.0,32,64,9
P02185,toys,49,1379.0,4.0,6610.0,34,75,51
P02186,fashion,14,1649.0,3.0,14826.0,23,7,6
P02187,automotive,55,914.0,1.0,744.0,94,15,19
P02188,books,55,1349.0,3.0,13664.0,17,52,44
P02189,garden,68,1152.0,3.0,2481.0,48,70,32
P02190,fashion,22,191.0,6.0,10967.0,35,28,8
P02191,automotive,60,170.0,1.0,1600.0,11,68,31
P02192,beauty,32,563.0,6.0,14842.0,84,5,55
P02193,home,31,537.0,6.0,3294.0,55,60,61
P02194,fashion,47,420.0,1.0,5584.0,88,75,61
P02195,garden,42,1857.0,7.0,9565.0,65,42,26
P02196,automotive,23,1231.0,6.0,847.0,54,48,54
P02197,sports,22,131.0,5.0,8602.0,32,24,29
P02198,garden,49,1811.0,6.0,4453.0,63,63,53
P02199,toys,68,638.0,6.0,6550.0,75,67,5
P02200,fashion,23,1976.0,3.0,5061.0,12,67,35
P02201,food,42,491.0,4.0,12661.0,30,67,28
P02202,automotive,28,214.0,5.0,6902.0,42,10,55
P02203,beauty,24,303.0,2.0,11320.0,20,44,25
P02204,electronics,57,803.0,1.0,719.0,17,43,27
P02205,beauty,53,1852.0,6.0,10272.0,32,8,45
P02206,home,38,1127.0,,5812.0,40,65,54
P02207,home,39,295.0,3.0,9023.0,58,19,35
P02208,fashion,35,669.0,1.0,12714.0,83,36,71
P02209,food,69,1004.0,4.0,10472.0,87,9,78
P02210,toys,66,1111.0,4.0,5367.0,44,64,50
P02211,books,14,1687.0,7.0,3476.0,57,18,45
P02212,beauty,58,139.0,4.0,13321.0,11,43,44
P02213,automotive,30,57.0,3.0,3971.0,86,43,10
P02214,fashion,49,1455.0,6.0,626.0,31,12,35
P02215,electronics,66,261.0,3.0,4541.0,15,69,65
P02216,books,35,1382.0,1.0,259.0,64,5,56
P02217,home,37,716.0,1.0,11141.0,43,53,8
P02218,books,47,806.0,6.0,13355.0,47,17,15
P02219,electronics,28,337.0,5.0,6540.0,49,50,67
P02220,beauty,25,1559.0,2.0,9246.0,66,21,60
P02221,garden,46,406.0,2.0,14396.0,82,61,35
P02222,home,22,65.0,6.0,13883.0,61,47,75
P02223,home,49,1202.0,5.0,699.0,64,52,9
P02224,beauty,24,345.0,,1128.0,82,79,62
P02225,food,15,382.0,3.0,5809.0,80,38,78
P02226,food,16,475.0,3.0,4257.0,25,61,37
P02227,toys,25,1295.0,6.0,2405.0,40,66,42
P02228,automotive,16,1516.0,2.0,2352.0,54,29,20
P02229,food,28,1835.0,7.0,12263.0,94,28,69
P02230,beauty,35,1965.0,2.0,2988.0,64,57,59
P02231,books,24,497.0,2.0,7246.0,83,74,36
P02232,electronics,42,469.0,,770.0,81,6,22
P02233,fashion,32,463.0,6.0,9338.0,92,13,39
P02234,food,14,414.0,1.0,11145.0,56,17,38
P02235,electronics,30,72.0,2.0,9009.0,33,52,32
P02236,automotive,10,1195.0,3.0,4345.0,47,36,67
P02237,books,53,78.0,1.0,1278.0,10,42,32
P02238,food,36,125.0,3.0,6065.0,71,28,13
P02239,fashion,45,823.0,3.0,11777.0,65,36,64
P02240,books,18,1629.0,5.0,1883.0,24,63,59
P02241,home,35,1003.0,3.0,12347.0,54,37,7
P02242,fashion,58,825.0,4.0,13707.0,74,34,57
P02243,food,22,406.0,7.0,9150.0,80,8,41
P02244,electronics,69,1376.0,4.0,12677.0,79,33,55
P02245,electronics,35,,6.0,4286.0,18,61,24
P02246,garden,18,1993.0,2.0,9356.0,43,15,18
P02247,beauty,20,323.0,7.0,10888.0,63,31,46
P02248,toys,37,1581.0,4.0,10752.0,19,26,9
P02249,toys,67,1378.0,1.0,10539.0,27,40,21
P02250,books,38,763.0,7.0,2992.0,94,66,8
P02251,books,20,816.0,5.0,13696.0,56,68,31
P02252,toys,33,1925.0,3.0,10261.0,62,33,72
P02253,beauty,61,1481.0,5.0,1848.0,24,48,44
P02254,home,69,134.0,7.0,9627.0,67,66,60
P02255,food,46,1123.0,1.0,13656.0,92,68,60
P02256,electronics,61,1493.0,1.0,455.0,96,50,14
P02257,home,58,785.0,6.0,13317.0,26,15,75
P02258,automotive,35,1396.0,3.0,5020.0,29,33,16
P02259,fashion,63,1271.0,6.0,4533.0,61,26,23
P02260,sports,14,689.0,,7365.0,89,56,54
P02261,home,58,63.0,7.0,10771.0,10,22,41
P02262,sports,44,118.0,6.0,,30,7,21
P02263,electronics,45,1396.0,7.0,4029.0,24,71,31
P02264,fashion,66,1561.0,5.0,12131.0,81,13,35
P02265,books,26,773.0,1.0,3602.0,54,63,50
P02266,food,21,978.0,2.0,5307.0,74,76,64
P02267,garden,49,1051.0,7.0,9658.0,13,67,32
P02268,books,54,1771.0,3.0,3834.0,21,41,34
P02269,fashion,10,1070.0,7.0,845.0,58,47,12
P02270,toys,39,1163.0,7.0,7960.0,47,58,76
P02271,beauty,32,1138.0,5.0,1537.0,26,21,51
P02272,toys,59,303.0,1.0,5855.0,33,36,24
P02273,electronics,61,1419.0,2.0,9936.0,75,33,7
P02274,food,18,1820.0,6.0,11118.0,11,25,76
P02275,food,44,265.0,3.0,14282.0,88,46,8
P02276,garden,53,188.0,,13088.0,24,36,18
P02277,beauty,25,,1.0,607.0,78,6,71
P02278,automotive,66,1541.0,4.0,7349.0,66,11,30
P02279,fashion,63,212.0,1.0,441.0,15,52,70
P02280,food,20,1499.0,1.0,12037.0,78,46,46
P02281,electronics,10,506.0,7.0,,54,69,47
P02282,sports,44,407.0,6.0,11681.0,37,10,74
P02283,electronics,62,419.0,7.0,124.0,20,29,6
P02284,food,50,1075.0,7.0,1753.0,20,34,31
P02285,home,55,1217.0,7.0,13931.0,46,55,30
P02286,electronics,53,950.0,3.0,2873.0,36,37,59
P02287,home,18,1231.0,2.0,7163.0,85,41,30
P02288,food,14,1619.0,5.0,7853.0,58,74,71
P02289,fashion,13,1670.0,5.0,10412.0,13,5,59
P02290,home,69,1471.0,4.0,14032.0,88,71,73
P02291,sports,67,1067.0,4.0,6304.0,32,26,65
P02292,books,60,476.0,,9091.0,64,8,61
P02293,garden,14,1502.0,4.0,14958.0,84,44,31
P02294,beauty,63,1362.0,7.0,1712.0,70,20,59
P02295,home,68,1783.0,3.0,7250.0,46,59,36
P02296,automotive,57,1439.0,4.0,4621.0,10,61,30
P02297,books,35,310.0,7.0,14095.0,31,35,21
P02298,home,15,1160.0,6.0,9262.0,61,63,72
P02299,books,31,1455.0,6.0,9779.0,95,18,59
P02300,books,22,1994.0,1.0,2890.0,13,30,8
P02301,beauty,49,689.0,6.0,14221.0,24,9,31
P02302,beauty,62,1727.0,1.0,1103.0,42,53,48
P02303,electronics,39,592.0,1.0,7477.0,80,58,57
P02304,garden,12,784.0,3.0,10522.0,95,62,28
P02305,electronics,33,1927.0,3.0,13195.0,26,32,58
P02306,fashion,57,370.0,1.0,4173.0,62,67,25
P02307,electronics,48,452.0,5.0,5074.0,96,53,16
P02308,garden,12,1678.0,7.0,665.0,99,48,11
P02309,sports,31,1833.0,5.0,9951.0,80,21,71
P02310,food,31,254.0,7.0,3034.0,80,68,54
P02311,electronics,12,1656.0,7.0,9296.0,34,61,66
P02312,sports,30,1198.0,6.0,1364.0,37,70,45
P02313,sports,59,1763.0,2.0,7353.0,98,30,48
P02314,electronics,17,1018.0,5.0,7230.0,66,46,26
P02315,books,40,1192.0,1.0,7572.0,20,8,11
P02316,books,49,502.0,,4699.0,16,49,58
P02317,books,51,1190.0,7.0,2634.0,87,43,17
P02318,fashion,29,865.0,1.0,11660.0,21,66,70
P02319,home,44,835.0,4.0,13599.0,72,59,11
P02320,beauty,53,595.0,1.0,4225.0,38,79,78
P02321,books,46,831.0,4.0,6867.0,25,74,39
P02322,toys,60,377.0,4.0,1723.0,20,17,26
P02323,sports,23,1708.0,7.0,2356.0,59,77,24
P02324,books,16,839.0,2.0,5352.0,82,7,55
P02325,food,66,806.0,6.0,10594.0,11,39,67
P02326,toys,54,1960.0,5.0,10125.0,73,74,40
P02327,electronics,36,999.0,6.0,10934.0,61,50,37
P02328,sports,44,1419.0,7.0,1425.0,81,79,70
P02329,electronics,65,1992.0,2.0,772.0,62,46,38
P02330,garden,62,1731.0,1.0,4198.0,21,56,29
P02331,garden,58,740.0,5.0,5059.0,46,45,74
P02332,books,45,1088.0,1.0,7758.0,98,74,65
P02333,beauty,53,1654.0,4.0,8805.0,84,13,48
P02334,automotive,44,1025.0,4.0,2901.0,41,34,5
P02335,home,37,590.0,5.0,12341.0,93,55,34
P02336,automotive,50,1080.0,1.0,11224.0,10,41,78
P02337,garden,11,98.0,5.0,4728.0,58,77,78
P02338,home,59,1767.0,6.0,9722.0,79,48,55
P02339,fashion,28,1207.0,1.0,4564.0,70,14,39
P02340,home,42,549.0,3.0,1002.0,26,51,69
P02341,toys,49,,3.0,11074.0,23,28,48
P02342,toys,29,111.0,3.0,1383.0,76,40,9
P02343,electronics,29,1584.0,4.0,3366.0,99,10,33
P02344,food,20,1085.0,1.0,4613.0,78,70,29
P02345,beauty,15,58.0,4.0,13450.0,87,35,55
P02346,books,62,946.0,1.0,8832.0,91,65,21
P02347,beauty,41,187.0,1.0,11877.0,95,41,63
P02348,food,50,804.0,4.0,13630.0,81,76,23
P02349,automotive,19,1726.0,7.0,13406.0,80,31,52
P02350,food,61,1325.0,5.0,9176.0,81,12,27
P02351,sports,28,987.0,3.0,5370.0,39,40,23
P02352,fashion,37,1047.0,3.0,6114.0,58,7,57
P02353,fashion,40,1037.0,4.0,,29,65,75
P02354,beauty,54,239.0,1.0,8870.0,57,73,64
P02355,food,16,488.0,5.0,8817.0,55,21,43
P02356,garden,64,1642.0,1.0,14587.0,16,8,73
P02357,food,16,1855.0,6.0,2930.0,17,61,66
P02358,books,48,334.0,3.0,11377.0,95,56,73
P02359,home,22,1833.0,3.0,4065.0,59,64,5
P02360,home,65,109.0,4.0,1271.0,12,47,65
P02361,fashion,45,1057.0,1.0,6068.0,43,48,43
P02362,garden,66,1663.0,2.0,14461.0,90,25,57
P02363,toys,65,474.0,2.0,6994.0,75,28,75
P02364,automotive,26,1900.0,6.0,2869.0,84,52,43
P02365,automotive,24,1966.0,2.0,4903.0,66,75,56
P02366,garden,16,877.0,1.0,10452.0,73,28,78
P02367,food,53,1790.0,2.0,4342.0,32,32,13
P02368,sports,11,204.0,3.0,3549.0,85,49,60
P02369,automotive,21,1066.0,5.0,3776.0,76,8,58
P02370,beauty,64,620.0,3.0,1321.0,31,53,19
P02371,toys,48,1271.0,4.0,10383.0,38,15,6
P02372,electronics,37,538.0,4.0,4876.0,79,56,52
P02373,electronics,18,907.0,2.0,4657.0,32,71,32
P02374,home,60,1476.0,1.0,4993.0,70,73,28
P02375,fashion,60,451.0,5.0,10446.0,47,16,22
P02376,food,12,1692.0,7.0,13124.0,35,49,45
P02377,fashion,54,1378.0,1.0,11168.0,24,38,23
P02378,fashion,29,538.0,7.0,8559.0,74,41,10
P02379,toys,50,1354.0,7.0,10742.0,39,56,8
P02380,garden,27,669.0,6.0,3481.0,60,79,24
P02381,fashion,10,1117.0,4.0,13725.0,33,48,51
P02382,automotive,55,1240.0,3.0,9226.0,23,46,44
P02383,books,60,1638.0,5.0,14321.0,11,54,60
P02384,food,51,729.0,1.0,4091.0,94,42,49
P02385,books,19,931.0,3.0,2288.0,37,31,26
P02386,garden,37,912.0,3.0,10749.0,61,66,73
P02387,food,42,1728.0,4.0,4876.0,52,54,49
P02388,garden,57,1691.0,2.0,3196.0,43,47,51
P02389,sports,56,473.0,3.0,11836.0,84,5,42
P02390,sports,63,255.0,6.0,8041.0,91,25,36
P02391,automotive,47,1925.0,7.0,11748.0,26,24,79
P02392,food,66,375.0,6.0,3730.0,12,53,34
P02393,toys,59,449.0,1.0,1157.0,39,14,65
P02394,automotive,22,281.0,5.0,6205.0,19,33,11
P02395,books,52,362.0,4.0,14434.0,12,39,75
P02396,garden,15,173.0,4.0,8828.0,82,60,61
P02397,books,55,1226.0,6.0,12857.0,16,15,66
P02398,toys,23,1044.0,3.0,12661.0,16,50,28
P02399,fashion,27,,4.0,13498.0,42,46,54
P02400,garden,44,1321.0,7.0,6937.0,61,60,61
P02401,automotive,32,377.0,4.0,3145.0,54,18,10
P02402,garden,48,1099.0,4.0,13506.0,77,49,53
P02403,home,40,1471.0,7.0,7563.0,77,36,69
P02404,beauty,48,880.0,1.0,4868.0,11,24,68
P02405,food,45,650.0,3.0,6664.0,78,10,62
P02406,home,22,1797.0,4.0,11759.0,13,33,72
P02407,automotive,51,1610.0,1.0,5468.0,92,37,26
P02408,toys,67,1696.0,4.0,12490.0,37,8,56
P02409,sports,43,353.0,7.0,3487.0,91,65,25
P02410,electronics,46,582.0,6.0,4833.0,99,56,69
P02411,electronics,52,801.0,1.0,2180.0,19,28,44
P02412,garden,15,378.0,7.0,13081.0,44,8,67
P02413,home,19,803.0,6.0,13070.0,20,57,26
P02414,automotive,43,533.0,,3185.0,97,6,28
P02415,home,33,986.0,1.0,8003.0,54,36,77
P02416,sports,51,1429.0,7.0,11893.0,85,20,72
P02417,home,64,850.0,1.0,9052.0,63,22,19
P02418,toys,56,1457.0,1.0,9715.0,86,61,34
P02419,home,23,804.0,3.0,,63,27,16
P02420,toys,28,1013.0,6.0,535.0,14,23,52
P02421,food,18,690.0,7.0,14032.0,53,27,8
P02422,automotive,15,215.0,5.0,13706.0,68,16,6
P02423,toys,54,79.0,1.0,14052.0,98,60,46
P02424,food,51,407.0,7.0,743.0,84,42,72
P02425,garden,21,1252.0,2.0,10104.0,55,20,60
P02426,automotive,52,244.0,6.0,3838.0,82,28,57
P02427,fashion,37,973.0,,4876.0,94,78,48
P02428,sports,62,308.0,4.0,,88,48,18
P02429,toys,52,777.0,1.0,3569.0,98,56,20
P02430,home,26,577.0,7.0,8962.0,42,69,51
P02431,garden,39,462.0,1.0,8969.0,49,35,74
P02432,garden,24,1054.0,7.0,13930.0,11,31,8
P02433,beauty,64,1788.0,7.0,12509.0,22,79,33
P02434,automotive,40,1323.0,2.0,10564.0,83,47,19
P02435,toys,62,513.0,5.0,14508.0,39,21,15
P02436,garden,40,1705.0,3.0,6480.0,49,69,31
P02437,garden,40,1845.0,,1116.0,42,62,19
P02438,automotive,21,1525.0,3.0,13199.0,93,35,23
P02439,food,67,473.0,2.0,5079.0,89,25,37
P02440,sports,50,376.0,7.0,6751.0,76,54,60
P02441,books,27,1944.0,1.0,5928.0,96,45,45
P02442,home,60,1783.0,3.0,13675.0,59,22,45
P02443,garden,24,868.0,3.0,5598.0,25,9,50
P02444,beauty,15,941.0,3.0,10290.0,67,66,21
P02445,fashion,50,1088.0,3.0,10049.0,11,68,10
P02446,home,54,1782.0,5.0,8384.0,47,72,7
P02447,beauty,44,,7.0,8253.0,84,32,70
P02448,toys,52,1372.0,5.0,1175.0,26,57,70
P02449,beauty,25,1881.0,2.0,13381.0,60,48,30
P02450,fashion,26,633.0,7.0,5069.0,79,24,63
P02451,books,32,601.0,3.0,3416.0,77,74,24
P02452,toys,22,312.0,3.0,3369.0,63,30,27
P02453,beauty,23,1473.0,5.0,6050.0,39,7,56
P02454,books,12,580.0,7.0,9395.0,31,17,74
P02455,electronics,24,89.0,,8163.0,24,77,51
P02456,fashion,42,1030.0,2.0,12543.0,76,10,76
P02457,home,32,1139.0,6.0,12270.0,33,44,79
P02458,automotive,35,84.0,4.0,5099.0,68,41,7
P02459,garden,65,1496.0,6.0,12366.0,14,63,35
P02460,books,10,1139.0,4.0,10259.0,36,66,40
P02461,garden,60,968.0,1.0,12904.0,44,40,18
P02462,sports,11,720.0,,104.0,79,52,20
P02463,garden,40,1304.0,6.0,7835.0,18,66,77
P02464,fashion,17,1514.0,7.0,9419.0,52,65,18
P02465,fashion,38,1547.0,3.0,3699.0,51,71,41
P02466,books,63,806.0,5.0,9865.0,38,58,41
P02467,food,11,1025.0,1.0,10921.0,81,33,54
P02468,automotive,40,544.0,2.0,2169.0,98,46,46
P02469,books,37,475.0,5.0,14324.0,14,59,8
P02470,automotive,37,1731.0,1.0,14191.0,93,27,38
P02471,books,47,823.0,6.0,4350.0,90,79,30
P02472,garden,29,583.0,7.0,3076.0,85,38,14
P02473,books,56,1475.0,1.0,3055.0,21,61,79
P02474,garden,24,1408.0,5.0,644.0,44,42,45
P02475,beauty,31,578.0,3.0,434.0,69,76,77
P02476,fashion,38,390.0,5.0,4754.0,28,55,73
P02477,toys,65,1282.0,7.0,10030.0,31,60,78
P02478,fashion,42,1840.0,1.0,10248.0,60,63,22
P02479,books,60,339.0,5.0,8220.0,86,29,66
P02480,electronics,18,516.0,2.0,9785.0,24,31,8
P02481,food,14,1864.0,4.0,2107.0,10,67,42
P02482,beauty,40,,4.0,14924.0,99,39,70
P02483,home,64,1225.0,4.0,,47,54,47
P02484,garden,24,704.0,6.0,5565.0,16,43,20
P02485,electronics,23,963.0,5.0,9967.0,96,7,10
P02486,automotive,18,418.0,3.0,1997.0,34,40,39
P02487,sports,65,1632.0,5.0,6596.0,20,17,64
P02488,automotive,15,1027.0,5.0,14016.0,70,11,73
P02489,beauty,47,1604.0,1.0,3575.0,78,24,61
P02490,automotive,32,1761.0,5.0,9332.0,21,26,38
P02491,food,34,239.0,3.0,9126.0,75,60,58
P02492,fashion,52,1731.0,2.0,1247.0,44,23,63
P02493,fashion,36,648.0,4.0,884.0,38,64,33
P02494,toys,11,689.0,4.0,2281.0,70,20,24
P02495,sports,43,944.0,6.0,341.0,15,67,24
P02496,fashion,11,629.0,4.0,8021.0,25,44,60
P02497,toys,60,714.0,6.0,3987.0,84,10,65
P02498,electronics,66,1402.0,2.0,9015.0,98,13,19
P02499,books,60,668.0,5.0,4413.0,91,10,78
P02500,fashion,34,1235.0,7.0,5316.0,80,35,6
P02501,beauty,34,736.0,5.0,1655.0,21,27,36
P02502,books,45,684.0,5.0,11948.0,37,8,41
P02503,sports,60,326.0,3.0,1811.0,86,56,9
P02504,fashion,55,1734.0,5.0,13700.0,74,68,59
P02505,beauty,38,282.0,6.0,2600.0,84,68,72
P02506,garden,58,1129.0,7.0,14859.0,46,16,22
P02507,toys,35,557.0,7.0,10896.0,61,70,56
P02508,toys,56,1976.0,3.0,12368.0,76,36,76
P02509,garden,24,186.0,6.0,12111.0,80,20,55
P02510,electronics,37,880.0,3.0,6739.0,75,15,38
P02511,beauty,59,1044.0,7.0,2805.0,13,62,75
P02512,home,24,1974.0,1.0,10180.0,28,24,35
P02513,toys,47,348.0,7.0,9885.0,54,53,55
P02514,sports,26,1674.0,2.0,12127.0,72,46,62
P02515,automotive,35,181.0,2.0,3581.0,97,74,51
P02516,food,29,615.0,4.0,12303.0,37,58,28
P02517,sports,49,1682.0,4.0,13212.0,79,62,58
P02518,sports,55,784.0,2.0,10993.0,69,41,28
P02519,books,61,1195.0,4.0,,34,44,41
P02520,books,31,813.0,6.0,3777.0,25,16,45
P02521,sports,21,1801.0,4.0,2033.0,66,63,26
P02522,sports,65,229.0,5.0,12459.0,39,61,62
P02523,sports,33,1967.0,6.0,6643.0,29,28,23
P02524,books,49,506.0,2.0,4669.0,29,15,17
P02525,books,32,1207.0,3.0,2397.0,29,63,59
P02526,books,60,559.0,7.0,7461.0,18,62,71
P02527,beauty,14,1602.0,2.0,3055.0,27,63,23
P02528,toys,12,1423.0,2.0,12554.0,97,7,43
P02529,books,30,361.0,2.0,5152.0,27,69,74
P02530,beauty,34,530.0,6.0,6743.0,46,31,32
P02531,automotive,55,1411.0,2.0,9944.0,54,23,35
P02532,garden,38,1029.0,3.0,10518.0,73,44,57
P02533,sports,25,1121.0,3.0,1841.0,37,68,52
P02534,fashion,14,764.0,1.0,1237.0,84,66,14
P02535,food,58,1368.0,1.0,4333.0,80,17,8
P02536,sports,40,1861.0,3.0,11228.0,55,78,32
P02537,beauty,67,254.0,1.0,12889.0,90,62,38
P02538,sports,29,1402.0,7.0,14587.0,41,74,50
P02539,books,23,1874.0,4.0,4179.0,53,74,34
P02540,books,26,482.0,1.0,11477.0,63,44,14
P02541,toys,34,864.0,5.0,2609.0,27,7,61
P02542,beauty,18,,6.0,2919.0,17,10,37
P02543,fashion,17,1562.0,5.0,8050.0,99,51,9
P02544,home,57,1390.0,4.0,1555.0,14,11,49
P02545,food,51,1981.0,1.0,596.0,14,54,35
P02546,beauty,40,1136.0,6.0,14928.0,19,12,45
P02547,sports,38,1752.0,7.0,12078.0,59,66,69
P02548,home,39,1063.0,3.0,10169.0,34,25,19
P02549,sports,45,657.0,1.0,3414.0,29,12,55
P02550,food,27,1364.0,2.0,1238.0,87,30,13
P02551,fashion,56,833.0,5.0,2079.0,94,73,63
P02552,toys,10,1332.0,5.0,6380.0,88,46,32
P02553,fashion,56,1314.0,7.0,12142.0,39,79,62
P02554,sports,57,193.0,3.0,8944.0,17,24,8
P02555,automotive,40,1099.0,7.0,12657.0,96,55,54
P02556,sports,27,76.0,2.0,13645.0,59,19,23
P02557,automotive,62,850.0,4.0,11047.0,97,37,34
P02558,food,59,1331.0,5.0,1589.0,25,33,22
P02559,electronics,65,1324.0,2.0,3595.0,94,52,34
P02560,home,10,251.0,3.0,5126.0,37,55,64
P02561,automotive,47,1823.0,6.0,7952.0,81,9,8
P02562,home,10,1488.0,5.0,11914.0,19,57,50
P02563,automotive,12,653.0,5.0,14539.0,76,61,19
P02564,beauty,13,926.0,5.0,14750.0,52,33,34
P02565,fashion,56,300.0,6.0,7218.0,95,10,46
P02566,toys,53,757.0,7.0,14874.0,23,36,12
P02567,sports,63,1367.0,3.0,,30,29,72
P02568,garden,48,1770.0,3.0,2583.0,67,64,56
P02569,food,43,1199.0,7.0,,82,15,50
P02570,beauty,20,601.0,4.0,6639.0,89,27,74
P02571,automotive,52,1815.0,7.0,12690.0,20,59,34
P02572,toys,64,1111.0,7.0,13034.0,10,75,15
P02573,beauty,31,1498.0,6.0,2966.0,42,49,67
P02574,garden,51,1431.0,6.0,9096.0,18,5,52
P02575,sports,40,824.0,7.0,13908.0,46,57,38
P02576,beauty,41,90.0,2.0,10043.0,52,7,11
P02577,automotive,57,1284.0,4.0,12814.0,99,9,24
P02578,home,27,1789.0,,10876.0,13,55,48
P02579,food,62,1731.0,,11797.0,38,32,11
P02580,sports,69,1726.0,4.0,12724.0,40,7,46
P02581,books,16,727.0,5.0,14124.0,59,35,67
P02582,toys,40,1815.0,4.0,3052.0,38,33,38
P02583,garden,11,76.0,5.0,11854.0,67,50,51
P02584,automotive,30,667.0,1.0,5819.0,86,75,21
P02585,sports,32,1271.0,4.0,8693.0,71,12,48
P02586,automotive,49,657.0,7.0,9892.0,69,54,18
P02587,sports,33,100.0,2.0,9765.0,20,53,59
P02588,fashion,31,389.0,4.0,3032.0,89,78,44
P02589,toys,56,1878.0,5.0,12331.0,60,34,50
P02590,fashion,55,884.0,5.0,10755.0,24,17,29
P02591,electronics,10,377.0,2.0,,67,72,31
P02592,electronics,30,1257.0,1.0,9285.0,53,8,54
P02593,home,55,779.0,6.0,8917.0,91,38,51
P02594,electronics,16,816.0,4.0,4235.0,68,54,56
P02595,automotive,42,1895.0,7.0,9011.0,96,12,15
P02596,home,39,1108.0,7.0,4282.0,97,27,19
P02597,beauty,51,205.0,2.0,13216.0,31,12,27
P02598,sports,50,1887.0,3.0,847.0,36,68,34
P02599,home,40,,6.0,247.0,28,24,45
P02600,garden,34,1389.0,3.0,10959.0,30,50,44
P02601,electronics,57,252.0,2.0,10797.0,71,22,10
P02602,home,32,580.0,2.0,8437.0,95,57,7
P02603,beauty,36,1972.0,4.0,8528.0,54,64,66
P02604,electronics,35,378.0,3.0,618.0,82,8,48
P02605,beauty,30,1944.0,7.0,12590.0,76,59,8
P02606,home,47,620.0,7.0,12723.0,33,54,68
P02607,sports,48,799.0,1.0,3161.0,86,10,32
P02608,home,63,,7.0,332.0,53,24,54
P02609,food,36,1498.0,1.0,7927.0,10,68,39
P02610,automotive,55,623.0,6.0,3865.0,74,38,19
P02611,toys,28,1485.0,7.0,2001.0,89,12,56
P02612,fashion,67,980.0,3.0,1779.0,32,53,32
P02613,toys,64,244.0,2.0,9924.0,33,63,16
P02614,food,45,541.0,1.0,5451.0,75,37,21
P02615,home,53,508.0,3.0,11480.0,97,13,66
P02616,fashion,44,973.0,7.0,4783.0,33,14,44
P02617,home,21,1783.0,4.0,9390.0,48,33,36
P02618,books,66,1159.0,3.0,4154.0,71,41,63
P02619,garden,54,373.0,1.0,8366.0,86,61,23
P02620,toys,35,1234.0,5.0,10514.0,13,56,16
P02621,toys,25,1065.0,2.0,5216.0,27,24,12
P02622,electronics,50,805.0,5.0,13330.0,90,56,12
P02623,garden,35,526.0,6.0,9632.0,57,13,74
P02624,automotive,59,1439.0,6.0,3101.0,78,18,72
P02625,sports,23,1137.0,4.0,13502.0,15,64,35
P02626,sports,41,887.0,5.0,7530.0,18,72,40
P02627,fashion,16,433.0,3.0,10849.0,76,56,33
P02628,automotive,52,285.0,5.0,5251.0,43,39,46
P02629,fashion,33,470.0,5.0,442.0,94,71,18
P02630,garden,21,1259.0,2.0,8492.0,48,31,54
P02631,beauty,43,141.0,3.0,7679.0,85,53,42
P02632,toys,44,189.0,6.0,10885.0,58,56,73
P02633,garden,28,1980.0,4.0,11072.0,71,10,28
P02634,automotive,66,572.0,2.0,10355.0,68,76,62
P02635,sports,14,270.0,7.0,7612.0,20,52,17
P02636,books,29,1931.0,7.0,190.0,81,23,11
P02637,books,24,860.0,6.0,8911.0,98,66,61
P02638,sports,65,52.0,3.0,14251.0,44,33,71
P02639,home,24,864.0,4.0,13682.0,40,11,72
P02640,home,23,90.0,,1312.0,63,55,9
P02641,toys,45,642.0,4.0,13121.0,66,15,31
P02642,beauty,25,1893.0,6.0,2252.0,44,49,40
P02643,automotive,26,1598.0,6.0,1311.0,34,55,26
P02644,automotive,24,865.0,6.0,493.0,97,16,27
P02645,books,42,708.0,5.0,,84,64,33
P02646,sports,54,1188.0,3.0,2733.0,61,39,6
P02647,food,38,1269.0,3.0,9372.0,44,31,74
P02648,electronics,63,1529.0,6.0,7056.0,41,12,27
P02649,beauty,25,1108.0,3.0,12795.0,45,60,48
P02650,toys,60,200.0,2.0,3237.0,63,17,64
P02651,garden,54,1734.0,2.0,4055.0,10,17,17
P02652,books,14,704.0,5.0,7812.0,69,24,20
P02653,automotive,50,1647.0,7.0,2183.0,61,38,52
P02654,beauty,69,1631.0,3.0,6927.0,23,70,79
P02655,food,50,474.0,5.0,8997.0,32,61,35
P02656,fashion,25,1053.0,3.0,9296.0,34,60,73
P02657,automotive,36,1512.0,3.0,7067.0,92,19,6
P02658,home,62,747.0,3.0,1604.0,94,53,60
P02659,books,28,1595.0,3.0,3939.0,80,31,77
P02660,automotive,38,1071.0,6.0,1163.0,71,40,60
P02661,books,45,1842.0,7.0,14149.0,95,52,13
P02662,food,59,1798.0,2.0,8762.0,76,17,5
P02663,garden,67,1928.0,3.0,4831.0,45,30,36
P02664,home,52,479.0,1.0,4598.0,42,34,46
P02665,garden,36,1487.0,6.0,923.0,69,70,54
P02666,sports,34,1515.0,5.0,7146.0,46,77,74
P02667,fashion,49,927.0,6.0,976.0,50,76,48
P02668,books,14,378.0,4.0,10557.0,97,44,25
P02669,automotive,36,621.0,7.0,3096.0,91,53,5
P02670,books,31,1053.0,1.0,1593.0,64,58,74
P02671,books,65,1736.0,3.0,1839.0,39,63,50
P02672,fashion,61,1836.0,4.0,523.0,49,55,55
P02673,beauty,25,1835.0,6.0,5980.0,39,73,59
P02674,books,49,1895.0,2.0,976.0,47,33,65
P02675,electronics,37,240.0,3.0,1298.0,42,57,68
P02676,electronics,59,1991.0,1.0,3362.0,50,50,70
P02677,toys,39,1130.0,7.0,8461.0,54,62,18
P02678,beauty,48,244.0,4.0,3380.0,67,74,27
P02679,toys,53,301.0,1.0,6185.0,89,11,7
P02680,automotive,59,547.0,2.0,6496.0,57,68,14
P02681,toys,53,540.0,4.0,9009.0,28,66,75
P02682,books,27,266.0,4.0,795.0,26,70,36
P02683,fashion,54,797.0,4.0,14839.0,68,25,56
P02684,automotive,28,1115.0,1.0,1479.0,99,48,47
P02685,sports,53,656.0,7.0,14879.0,37,10,39
P02686,books,66,1352.0,6.0,4347.0,17,9,17
P02687,beauty,38,1446.0,,6313.0,17,49,59
P02688,beauty,63,829.0,3.0,1097.0,34,77,61
P02689,electronics,19,203.0,,5569.0,95,22,16
P02690,electronics,35,657.0,1.0,13493.0,80,64,29
P02691,home,62,1246.0,6.0,10255.0,80,10,76
P02692,automotive,53,814.0,1.0,9385.0,39,9,69
P02693,toys,29,1183.0,3.0,5578.0,95,50,54
P02694,electronics,40,1693.0,7.0,13896.0,46,25,76
P02695,automotive,16,1585.0,3.0,11696.0,46,12,70
P02696,automotive,58,1265.0,5.0,3856.0,94,73,51
P02697,food,17,238.0,1.0,9064.0,78,71,46
P02698,food,43,1506.0,7.0,6007.0,35,6,53
P02699,electronics,39,698.0,7.0,3072.0,68,77,65
P02700,fashion,47,859.0,7.0,9870.0,41,6,77
P02701,garden,35,1409.0,,6281.0,65,60,29
P02702,beauty,15,1673.0,7.0,1557.0,22,63,27
P02703,fashion,49,1437.0,5.0,12968.0,13,26,14
P02704,electronics,63,637.0,3.0,9132.0,96,15,5
P02705,sports,46,926.0,,8344.0,16,47,31
P02706,food,12,756.0,2.0,14992.0,46,71,23
P02707,automotive,16,950.0,6.0,10677.0,27,7,72
P02708,beauty,26,1525.0,7.0,14689.0,11,68,41
P02709,food,27,1931.0,4.0,10676.0,77,51,57
P02710,beauty,17,812.0,2.0,2622.0,35,79,20
P02711,sports,63,686.0,2.0,7284.0,81,24,39
P02712,books,54,1772.0,4.0,7686.0,59,53,65
P02713,toys,56,342.0,5.0,4502.0,68,39,22
P02714,beauty,67,812.0,5.0,4708.0,70,52,34
P02715,beauty,62,1908.0,5.0,8985.0,27,18,49
P02716,toys,20,1769.0,1.0,6233.0,51,42,20
P02717,beauty,11,1628.0,1.0,1784.0,79,78,49
P02718,home,53,1782.0,2.0,8761.0,31,68,51
P02719,home,64,512.0,7.0,9000.0,20,20,44
P02720,sports,52,163.0,4.0,12269.0,47,9,17
P02721,electronics,61,1721.0,3.0,1630.0,90,36,60
P02722,electronics,46,1009.0,5.0,6913.0,38,22,67
P02723,automotive,37,541.0,4.0,13536.0,44,24,23
P02724,fashion,17,981.0,2.0,4045.0,21,18,13
P02725,home,50,1663.0,4.0,11183.0,75,45,43
P02726,beauty,27,1009.0,5.0,5220.0,40,12,18
P02727,toys,26,1275.0,7.0,,25,72,28
P02728,garden,62,1051.0,3.0,10693.0,19,7,54
P02729,garden,49,991.0,2.0,11791.0,38,17,20
P02730,beauty,36,1907.0,7.0,13732.0,28,47,32
P02731,garden,57,1859.0,3.0,10915.0,54,15,29
P02732,books,53,876.0,2.0,4668.0,48,42,58
P02733,beauty,39,1628.0,4.0,10953.0,54,10,65
P02734,fashion,68,1459.0,1.0,582.0,43,70,70
P02735,home,11,303.0,7.0,5095.0,18,49,13
P02736,books,39,1701.0,6.0,3274.0,79,27,62
P02737,books,34,1425.0,,7888.0,59,50,25
P02738,fashion,17,1719.0,4.0,10383.0,26,45,72
P02739,home,53,1589.0,3.0,8828.0,16,66,44
P02740,electronics,16,1872.0,4.0,2798.0,94,59,74
P02741,sports,52,1105.0,7.0,5716.0,93,67,35
P02742,food,55,169.0,6.0,1447.0,26,69,29
P02743,fashion,39,588.0,5.0,8449.0,47,12,67
P02744,fashion,24,334.0,7.0,11171.0,62,62,31
P02745,toys,69,507.0,2.0,3735.0,49,73,63
P02746,fashion,52,1166.0,7.0,7965.0,85,19,8
P02747,beauty,17,1949.0,2.0,13135.0,61,67,55
P02748,food,54,1537.0,2.0,1803.0,33,50,73
P02749,beauty,19,901.0,5.0,14409.0,80,53,26
P02750,toys,47,1006.0,1.0,5045.0,88,58,78
P02751,garden,25,1061.0,4.0,4968.0,16,31,6
P02752,toys,48,850.0,,,86,72,14
P02753,food,58,1216.0,1.0,5201.0,73,60,28
P02754,home,57,1886.0,2.0,6151.0,92,37,28
P02755,toys,55,246.0,4.0,3321.0,91,51,50
P02756,electronics,52,744.0,1.0,2111.0,14,76,70
P02757,fashion,56,208.0,7.0,12985.0,49,31,12
P02758,home,64,,4.0,1550.0,16,71,61
P02759,toys,62,436.0,6.0,2534.0,11,5,66
P02760,sports,56,1323.0,2.0,12391.0,92,64,48
P02761,home,36,177.0,4.0,12002.0,32,49,78
P02762,garden,27,979.0,1.0,3313.0,15,58,12
P02763,garden,29,1802.0,2.0,12501.0,94,48,60
P02764,home,46,1907.0,5.0,10905.0,46,40,36
P02765,beauty,46,338.0,3.0,4811.0,20,16,36
P02766,electronics,35,1339.0,7.0,1280.0,32,23,50
P02767,toys,34,491.0,7.0,11674.0,11,72,64
P02768,garden,53,1472.0,1.0,10241.0,70,35,41
P02769,beauty,41,1097.0,5.0,6849.0,94,16,25
P02770,books,11,1606.0,6.0,4182.0,45,14,24
P02771,automotive,18,1797.0,2.0,5291.0,87,26,76
P02772,books,29,740.0,6.0,4166.0,40,59,36
P02773,automotive,33,145.0,6.0,13411.0,51,32,32
P02774,automotive,53,668.0,3.0,3137.0,29,37,47
P02775,automotive,38,471.0,1.0,6857.0,10,56,56
P02776,automotive,35,292.0,4.0,9649.0,24,50,7
P02777,books,15,1448.0,3.0,922.0,62,11,6
P02778,sports,13,1810.0,4.0,7578.0,18,34,48
P02779,toys,69,1062.0,2.0,9554.0,83,57,52
P02780,home,61,1088.0,3.0,7962.0,92,58,41
P02781,fashion,12,1209.0,7.0,9904.0,35,36,27
P02782,electronics,37,1801.0,6.0,7373.0,34,21,63
P02783,automotive,65,83.0,6.0,9556.0,25,18,12
P02784,toys,52,1077.0,3.0,14664.0,46,11,52
P02785,books,14,1740.0,4.0,5468.0,91,13,37
P02786,sports,35,366.0,3.0,5417.0,45,77,32
P02787,fashion,61,1178.0,3.0,10211.0,79,35,12
P02788,toys,27,64.0,4.0,1433.0,38,29,55
P02789,toys,42,1677.0,7.0,4437.0,50,38,18
P02790,food,29,1327.0,6.0,2582.0,54,43,45
P02791,home,21,1929.0,2.0,7018.0,91,15,72
P02792,electronics,61,634.0,7.0,1912.0,54,72,60
P02793,toys,23,1477.0,1.0,3328.0,64,41,9
P02794,home,44,1550.0,1.0,6432.0,86,47,78
P02795,home,31,110.0,6.0,9237.0,94,42,51
P02796,beauty,46,1530.0,2.0,6510.0,90,75,67
P02797,automotive,57,1437.0,6.0,12176.0,19,78,9
P02798,electronics,43,1247.0,1.0,12017.0,20,14,73
P02799,sports,18,1148.0,2.0,1555.0,49,58,58
P02800,home,27,1610.0,6.0,10461.0,41,17,71
P02801,garden,24,251.0,2.0,502.0,71,5,78
P02802,automotive,51,815.0,4.0,2685.0,48,46,68
P02803,electronics,51,577.0,6.0,11440.0,46,40,37
P02804,beauty,18,1698.0,3.0,8782.0,18,41,67
P02805,books,46,379.0,2.0,,41,6,77
P02806,books,37,168.0,6.0,2388.0,61,53,73
P02807,home,35,1853.0,5.0,4924.0,72,43,53
P02808,books,61,822.0,7.0,11712.0,25,9,76
P02809,garden,13,1600.0,5.0,8514.0,64,30,49
P02810,beauty,53,504.0,6.0,2039.0,61,15,38
P02811,home,43,1416.0,5.0,7352.0,35,72,17
P02812,sports,25,1854.0,5.0,3097.0,90,60,39
P02813,books,23,1538.0,3.0,1911.0,49,41,76
P02814,beauty,19,624.0,7.0,1389.0,33,11,13
P02815,home,46,1222.0,6.0,11430.0,73,68,69
P02816,electronics,49,1671.0,2.0,,26,31,53
P02817,automotive,26,1717.0,,2726.0,66,48,14
P02818,home,32,633.0,2.0,13006.0,71,59,21
P02819,beauty,68,495.0,5.0,12407.0,50,34,7
P02820,automotive,52,895.0,7.0,7584.0,28,77,60
P02821,fashion,45,538.0,3.0,11488.0,33,22,31
P02822,electronics,17,1454.0,2.0,442.0,29,30,18
P02823,home,44,1203.0,7.0,2591.0,20,18,16
P02824,books,33,985.0,6.0,5367.0,99,30,42
P02825,sports,60,1629.0,4.0,11397.0,85,64,30
P02826,food,21,466.0,7.0,1449.0,56,40,72
P02827,home,69,1679.0,1.0,9947.0,83,71,76
P02828,electronics,66,1149.0,4.0,1145.0,69,71,20
P02829,fashion,56,1953.0,2.0,14729.0,65,29,69
P02830,food,40,1219.0,2.0,3210.0,74,64,9
P02831,electronics,45,1536.0,3.0,10706.0,61,42,38
P02832,garden,64,419.0,5.0,9376.0,60,36,48
P02833,food,61,503.0,2.0,,22,26,25
P02834,books,58,1134.0,4.0,11472.0,64,9,53
P02835,books,20,499.0,6.0,9338.0,50,39,48
P02836,food,34,,2.0,,32,55,75
P02837,toys,55,918.0,1.0,9961.0,53,70,75
P02838,fashion,17,563.0,6.0,4376.0,85,35,66
P02839,beauty,50,1317.0,3.0,11210.0,51,15,64
P02840,food,31,1174.0,2.0,10540.0,52,40,30
P02841,beauty,43,1050.0,7.0,7082.0,31,26,70
P02842,sports,65,1671.0,3.0,9903.0,82,73,32
P02843,garden,62,181.0,1.0,12432.0,21,57,62
P02844,fashion,32,1578.0,3.0,9666.0,85,72,41
P02845,automotive,52,989.0,5.0,4375.0,93,28,42
P02846,food,10,1408.0,3.0,4223.0,25,38,65
P02847,toys,53,1643.0,7.0,14453.0,60,11,15
P02848,home,18,639.0,5.0,12145.0,62,15,68
P02849,automotive,64,518.0,1.0,4725.0,87,33,66
P02850,fashion,27,1518.0,3.0,10778.0,39,34,40
P02851,home,51,1288.0,3.0,659.0,70,55,53
P02852,home,49,413.0,2.0,10417.0,18,21,24
P02853,food,25,575.0,1.0,3082.0,83,78,62
P02854,home,60,1715.0,1.0,4738.0,78,63,13
P02855,books,21,1133.0,5.0,13918.0,29,71,60
P02856,food,64,1826.0,2.0,2171.0,21,27,55
P02857,garden,40,1416.0,3.0,11871.0,19,47,23
P02858,garden,37,452.0,,6105.0,84,43,66
P02859,automotive,24,454.0,7.0,6646.0,65,63,26
P02860,books,10,1932.0,7.0,6978.0,43,68,45
P02861,beauty,51,1492.0,5.0,13586.0,59,47,69
P02862,garden,53,1209.0,3.0,7552.0,60,78,9
P02863,fashion,60,1369.0,5.0,3774.0,18,42,35
P02864,sports,67,858.0,3.0,,49,25,52
P02865,food,27,659.0,7.0,3580.0,65,17,18
P02866,sports,44,1656.0,5.0,2461.0,64,33,43
P02867,electronics,64,1795.0,1.0,2021.0,26,26,53
P02868,toys,44,1817.0,1.0,14894.0,93,20,70
P02869,books,54,1572.0,6.0,6692.0,19,38,27
P02870,toys,52,1749.0,6.0,14985.0,87,24,67
P02871,toys,69,1066.0,6.0,7760.0,98,78,53
P02872,toys,30,657.0,3.0,3367.0,77,27,43
P02873,sports,21,211.0,5.0,2262.0,60,50,49
P02874,beauty,64,651.0,2.0,11421.0,27,61,79
P02875,sports,37,909.0,5.0,1807.0,39,75,54
P02876,food,21,213.0,3.0,873.0,59,56,37
P02877,automotive,48,,,5917.0,18,24,79
P02878,sports,61,,6.0,4799.0,73,46,56
P02879,food,55,561.0,6.0,3566.0,92,10,25
P02880,automotive,30,816.0,6.0,7758.0,76,25,50
P02881,fashion,64,1304.0,5.0,8656.0,94,78,78
P02882,garden,12,1775.0,5.0,6567.0,52,5,57
P02883,food,63,1847.0,6.0,7912.0,33,29,62
P02884,fashion,20,1633.0,4.0,10057.0,11,9,54
P02885,home,24,335.0,7.0,2521.0,49,45,69
P02886,books,28,267.0,6.0,5607.0,20,61,11
P02887,beauty,35,1496.0,4.0,297.0,68,10,65
P02888,toys,12,1776.0,5.0,14534.0,82,14,72
P02889,electronics,53,1262.0,7.0,9707.0,20,69,6
P02890,books,17,1833.0,4.0,12062.0,56,25,64
P02891,books,17,1350.0,1.0,11615.0,58,5,42
P02892,sports,10,734.0,6.0,190.0,38,12,33
P02893,toys,67,1698.0,1.0,7375.0,29,72,12
P02894,fashion,12,1527.0,2.0,13060.0,74,74,28
P02895,beauty,54,782.0,,8674.0,30,17,55
P02896,garden,48,1199.0,1.0,9007.0,12,26,43
P02897,books,59,1180.0,2.0,14429.0,64,18,9
P02898,home,37,243.0,2.0,11267.0,16,41,27
P02899,toys,64,589.0,4.0,11538.0,37,66,7
P02900,sports,38,494.0,7.0,12002.0,17,61,32
P02901,toys,20,604.0,2.0,5073.0,59,33,73
P02902,automotive,64,1074.0,3.0,14602.0,29,57,61
P02903,toys,35,1050.0,5.0,12769.0,33,24,73
P02904,food,10,1723.0,5.0,591.0,45,73,17
P02905,toys,49,64.0,7.0,8272.0,53,49,51
P02906,sports,29,1657.0,4.0,3787.0,74,73,27
P02907,food,59,533.0,6.0,7876.0,93,24,39
P02908,fashion,19,734.0,6.0,12144.0,64,76,77
P02909,automotive,54,345.0,3.0,10408.0,53,26,67
P02910,sports,59,75.0,6.0,12015.0,62,56,57
P02911,food,17,283.0,7.0,6499.0,55,8,77
P02912,food,45,487.0,1.0,1253.0,10,22,42
P02913,food,48,800.0,6.0,13223.0,54,45,9
P02914,sports,65,657.0,5.0,1278.0,76,42,73
P02915,garden,27,253.0,6.0,2592.0,87,14,12
P02916,toys,39,708.0,4.0,10866.0,18,5,24
P02917,electronics,34,350.0,2.0,6386.0,71,67,72
P02918,food,32,1383.0,4.0,7199.0,19,23,71
P02919,fashion,69,1353.0,5.0,1066.0,12,61,12
P02920,fashion,49,172.0,7.0,2646.0,14,17,69
P02921,sports,19,1320.0,1.0,10610.0,20,26,58
P02922,garden,61,1821.0,2.0,8536.0,17,6,13
P02923,electronics,16,1892.0,2.0,4127.0,62,45,46
P02924,sports,62,160.0,5.0,6061.0,92,43,24
P02925,fashion,34,1844.0,1.0,6438.0,78,48,44
P02926,home,50,843.0,7.0,13851.0,75,61,18
P02927,beauty,61,1754.0,5.0,13306.0,20,54,12
P02928,toys,62,447.0,7.0,7251.0,94,20,53
P02929,fashion,19,1397.0,1.0,2875.0,55,36,59
P02930,garden,34,1615.0,2.0,8556.0,12,10,19
P02931,garden,14,569.0,4.0,133.0,67,53,50
P02932,electronics,48,1488.0,6.0,9739.0,73,34,41
P02933,sports,35,397.0,5.0,8713.0,46,17,74
P02934,garden,69,1433.0,3.0,13492.0,74,70,47
P02935,food,47,,3.0,6619.0,72,40,41
P02936,electronics,36,633.0,3.0,8471.0,62,8,5
P02937,automotive,19,1921.0,3.0,918.0,40,12,73
P02938,beauty,27,1351.0,5.0,12387.0,99,26,54
P02939,garden,58,1033.0,7.0,4514.0,66,75,18
P02940,books,18,688.0,4.0,11383.0,51,12,5
P02941,home,60,1119.0,7.0,3662.0,78,35,20
P02942,beauty,46,1968.0,3.0,5278.0,31,34,42
P02943,food,41,60.0,7.0,3983.0,96,51,76
P02944,automotive,38,1739.0,1.0,13491.0,76,49,51
P02945,electronics,11,339.0,6.0,11865.0,67,41,12
P02946,food,23,1758.0,7.0,10590.0,33,65,19
P02947,garden,40,1114.0,2.0,4640.0,41,7,22
P02948,fashion,39,1802.0,5.0,11030.0,95,34,10
P02949,electronics,22,404.0,1.0,7395.0,74,9,15
P02950,books,58,143.0,6.0,10753.0,20,27,11
P02951,home,36,983.0,4.0,4056.0,82,24,58
P02952,sports,33,1567.0,3.0,8136.0,20,71,56
P02953,sports,55,1600.0,7.0,14263.0,47,55,63
P02954,automotive,18,1540.0,7.0,,47,22,18
P02955,automotive,13,1611.0,2.0,11635.0,42,53,72
P02956,home,29,1562.0,7.0,10499.0,54,67,33
P02957,garden,10,1730.0,2.0,6406.0,23,19,16
P02958,toys,32,382.0,6.0,13657.0,69,47,16
P02959,toys,18,509.0,6.0,10932.0,70,41,29
P02960,automotive,49,56.0,4.0,7959.0,86,73,11
P02961,automotive,12,892.0,5.0,4790.0,50,32,28
P02962,automotive,22,562.0,3.0,10329.0,57,55,54
P02963,beauty,25,1272.0,3.0,1325.0,21,47,78
P02964,toys,45,1127.0,4.0,3931.0,41,29,5
P02965,food,34,1183.0,7.0,6514.0,60,30,48
P02966,automotive,56,1334.0,4.0,3444.0,47,69,22
P02967,books,56,1998.0,5.0,8512.0,99,72,30
P02968,toys,33,257.0,5.0,13089.0,34,24,53
P02969,food,11,588.0,7.0,5305.0,14,40,27
P02970,toys,67,,7.0,,88,15,37
P02971,automotive,31,189.0,3.0,6082.0,56,36,28
P02972,garden,42,1646.0,7.0,10898.0,16,70,32
P02973,sports,65,806.0,4.0,10744.0,94,57,58
P02974,sports,49,375.0,1.0,3591.0,28,41,26
P02975,sports,44,1060.0,1.0,13442.0,96,63,46
P02976,sports,30,424.0,2.0,9747.0,40,46,64
P02977,toys,59,805.0,3.0,13422.0,40,37,51
P02978,books,21,1306.0,3.0,13143.0,29,6,61
P02979,food,39,672.0,2.0,8677.0,25,13,40
P02980,toys,30,1673.0,2.0,10585.0,82,45,39
P02981,toys,15,551.0,1.0,9479.0,47,11,6
P02982,food,26,274.0,7.0,9180.0,60,5,57
P02983,garden,21,883.0,2.0,8038.0,38,29,56
P02984,electronics,15,423.0,5.0,3543.0,48,46,43
P02985,food,55,1393.0,4.0,5631.0,53,59,59
P02986,garden,52,1071.0,3.0,10609.0,37,77,54
P02987,sports,61,340.0,2.0,11098.0,63,54,18
P02988,beauty,11,706.0,1.0,7065.0,51,78,21
P02989,fashion,38,1737.0,1.0,1757.0,79,26,53
P02990,food,49,1646.0,5.0,2098.0,79,54,12
P02991,toys,39,1300.0,4.0,13420.0,67,5,70
P02992,fashion,11,1810.0,,1976.0,19,15,31
P02993,beauty,37,259.0,2.0,4327.0,90,53,50
P02994,garden,17,1477.0,7.0,1035.0,72,28,44
P02995,automotive,11,95.0,1.0,3360.0,76,47,55
P02996,electronics,53,1219.0,6.0,12607.0,68,75,31
P02997,beauty,15,150.0,7.0,4182.0,56,62,57
P02998,garden,27,716.0,2.0,12543.0,60,31,17
P02999,automotive,69,226.0,4.0,12194.0,20,56,29
